UNIQUE_CARRIER_NAME,Date,Open,High,Low,Close,Adj Close,Volume
Alaska Airlines Inc.,1/1/1985,3.78,4.59,3.56,4.53,3.80,7092800
Alaska Airlines Inc.,2/1/1985,4.50,4.91,4.28,4.78,4.02,10169200
Alaska Airlines Inc.,3/1/1985,4.75,4.94,4.56,4.91,4.13,4587200
Alaska Airlines Inc.,4/1/1985,4.94,5.56,4.75,5.13,4.31,7371600
Alaska Airlines Inc.,5/1/1985,5.13,5.72,5.06,5.50,4.63,5803200
Alaska Airlines Inc.,6/1/1985,5.44,6.31,5.41,5.81,4.90,4134000
Alaska Airlines Inc.,7/1/1985,5.81,6.59,5.78,6.25,5.26,5468000
Alaska Airlines Inc.,8/1/1985,6.31,6.53,5.22,5.38,4.54,8791200
Alaska Airlines Inc.,9/1/1985,5.38,5.47,4.84,4.91,4.14,7941600
Alaska Airlines Inc.,10/1/1985,4.88,5.44,4.38,4.81,4.06,12546800
Alaska Airlines Inc.,11/1/1985,4.91,5.22,4.59,4.81,4.07,10801600
Alaska Airlines Inc.,12/1/1985,4.81,5.13,3.94,4.03,3.41,12377200
Alaska Airlines Inc.,1/1/1986,4.03,4.63,3.81,4.34,3.67,14326800
Alaska Airlines Inc.,2/1/1986,4.34,4.97,4.28,4.97,4.21,9114000
Alaska Airlines Inc.,3/1/1986,4.97,5.69,4.97,5.19,4.40,8802400
Alaska Airlines Inc.,4/1/1986,5.25,5.28,4.59,4.69,3.97,8142800
Alaska Airlines Inc.,5/1/1986,4.72,5.06,4.56,4.81,4.09,4510000
Alaska Airlines Inc.,6/1/1986,4.81,4.91,3.97,4.09,3.48,7495600
Alaska Airlines Inc.,7/1/1986,4.09,4.19,3.56,3.91,3.32,7627200
Alaska Airlines Inc.,8/1/1986,3.91,4.66,3.63,4.31,3.67,6890400
Alaska Airlines Inc.,9/1/1986,4.34,5.09,4.22,4.50,3.83,9919600
Alaska Airlines Inc.,10/1/1986,4.59,5.25,4.53,5.09,4.34,10357600
Alaska Airlines Inc.,11/1/1986,5.09,5.13,4.44,4.66,3.97,4282000
Alaska Airlines Inc.,12/1/1986,4.63,5.22,4.63,5.00,4.27,7264000
Alaska Airlines Inc.,1/1/1987,5.03,6.00,5.00,5.91,5.04,17113600
Alaska Airlines Inc.,2/1/1987,5.91,6.97,5.75,6.63,5.66,12574800
Alaska Airlines Inc.,3/1/1987,6.56,6.84,6.00,6.06,5.18,12788000
Alaska Airlines Inc.,4/1/1987,5.94,6.25,4.56,5.06,4.33,9318400
Alaska Airlines Inc.,5/1/1987,5.09,5.19,4.56,4.94,4.23,8335600
Alaska Airlines Inc.,6/1/1987,4.94,5.66,4.84,5.09,4.36,8278800
Alaska Airlines Inc.,7/1/1987,5.03,6.00,4.88,5.88,5.03,8416800
Alaska Airlines Inc.,8/1/1987,5.88,5.88,5.34,5.59,4.80,6573200
Alaska Airlines Inc.,9/1/1987,5.63,5.63,4.88,5.00,4.29,6671200
Alaska Airlines Inc.,10/1/1987,5.03,5.09,3.06,3.38,2.90,11442400
Alaska Airlines Inc.,11/1/1987,3.44,3.78,3.16,3.59,3.08,6282800
Alaska Airlines Inc.,12/1/1987,3.56,3.81,3.19,3.38,2.90,6880800
Alaska Airlines Inc.,1/1/1988,3.38,3.94,3.38,3.81,3.27,7676000
Alaska Airlines Inc.,2/1/1988,3.84,4.47,3.50,4.38,3.76,8901600
Alaska Airlines Inc.,3/1/1988,4.38,4.53,4.09,4.22,3.63,10250400
Alaska Airlines Inc.,4/1/1988,4.22,4.97,3.97,4.72,4.06,9834000
Alaska Airlines Inc.,5/1/1988,4.75,4.94,4.16,4.31,3.72,7954000
Alaska Airlines Inc.,6/1/1988,4.34,4.84,4.25,4.78,4.12,10408400
Alaska Airlines Inc.,7/1/1988,4.78,4.91,4.34,4.53,3.91,5746000
Alaska Airlines Inc.,8/1/1988,4.56,4.94,4.41,4.81,4.16,8843600
Alaska Airlines Inc.,9/1/1988,4.81,5.38,4.69,5.22,4.51,13499200
Alaska Airlines Inc.,10/1/1988,5.22,5.63,5.09,5.31,4.59,6688800
Alaska Airlines Inc.,11/1/1988,5.31,5.41,4.75,4.97,4.30,3910400
Alaska Airlines Inc.,12/1/1988,4.97,5.16,4.84,5.00,4.33,4260000
Alaska Airlines Inc.,1/1/1989,5.06,5.72,4.84,5.69,4.92,7547600
Alaska Airlines Inc.,2/1/1989,5.69,6.28,5.50,5.97,5.18,9221600
Alaska Airlines Inc.,3/1/1989,6.00,6.63,5.81,6.28,5.45,14557600
Alaska Airlines Inc.,4/1/1989,6.28,7.06,6.03,6.91,5.99,9847200
Alaska Airlines Inc.,5/1/1989,6.97,7.06,6.63,6.75,5.87,7254400
Alaska Airlines Inc.,6/1/1989,6.75,7.50,6.63,6.81,5.92,8374400
Alaska Airlines Inc.,7/1/1989,6.78,7.38,6.53,6.81,5.92,7582800
Alaska Airlines Inc.,8/1/1989,6.81,7.63,6.66,7.16,6.23,11078800
Alaska Airlines Inc.,9/1/1989,7.19,7.31,6.16,6.50,5.66,6447600
Alaska Airlines Inc.,10/1/1989,6.50,6.84,5.69,5.84,5.09,6535200
Alaska Airlines Inc.,11/1/1989,5.88,6.13,5.34,5.59,4.88,7431200
Alaska Airlines Inc.,12/1/1989,5.59,6.00,5.00,5.16,4.50,7239600
Alaska Airlines Inc.,1/1/1990,5.13,5.47,4.81,5.31,4.64,8010400
Alaska Airlines Inc.,2/1/1990,5.31,5.72,5.19,5.59,4.89,10023200
Alaska Airlines Inc.,3/1/1990,5.59,6.13,5.53,5.91,5.17,3889600
Alaska Airlines Inc.,4/1/1990,5.91,6.50,5.38,5.44,4.76,5034400
Alaska Airlines Inc.,5/1/1990,5.47,6.00,5.38,5.75,5.04,3078400
Alaska Airlines Inc.,6/1/1990,5.81,6.16,5.53,5.63,4.93,4493600
Alaska Airlines Inc.,7/1/1990,5.63,5.94,5.13,5.13,4.49,2666800
Alaska Airlines Inc.,8/1/1990,5.13,5.16,4.00,4.34,3.82,5167200
Alaska Airlines Inc.,9/1/1990,4.31,4.34,3.47,3.75,3.29,2186400
Alaska Airlines Inc.,10/1/1990,3.81,4.56,3.75,3.97,3.49,4116800
Alaska Airlines Inc.,11/1/1990,3.97,4.19,3.81,3.97,3.50,2876400
Alaska Airlines Inc.,12/1/1990,4.06,4.63,4.06,4.38,3.86,5288000
Alaska Airlines Inc.,1/1/1991,4.41,5.81,4.38,5.38,4.74,7697600
Alaska Airlines Inc.,2/1/1991,5.38,5.94,5.28,5.72,5.05,5252000
Alaska Airlines Inc.,3/1/1991,5.69,6.34,5.59,6.25,5.52,9666800
Alaska Airlines Inc.,4/1/1991,6.25,6.28,5.34,5.59,4.94,7068000
Alaska Airlines Inc.,5/1/1991,5.56,5.94,5.47,5.69,5.04,3815600
Alaska Airlines Inc.,6/1/1991,5.66,5.78,5.34,5.38,4.76,4313600
Alaska Airlines Inc.,7/1/1991,5.34,5.97,5.34,5.84,5.17,3889200
Alaska Airlines Inc.,8/1/1991,5.81,5.94,5.38,5.66,5.02,3739200
Alaska Airlines Inc.,9/1/1991,5.69,5.81,5.41,5.50,4.88,3856800
Alaska Airlines Inc.,10/1/1991,5.50,5.50,4.88,5.06,4.49,6190000
Alaska Airlines Inc.,11/1/1991,5.06,5.19,4.72,4.81,4.28,2994400
Alaska Airlines Inc.,12/1/1991,4.78,5.44,4.53,5.44,4.84,6358800
Alaska Airlines Inc.,1/1/1992,5.41,5.97,5.38,5.63,5.00,5057600
Alaska Airlines Inc.,2/1/1992,5.56,5.72,5.38,5.53,4.93,4562000
Alaska Airlines Inc.,3/1/1992,5.50,5.56,4.56,4.75,4.24,6554000
Alaska Airlines Inc.,4/1/1992,4.75,4.75,4.28,4.53,4.04,4862800
Alaska Airlines Inc.,5/1/1992,4.53,5.47,4.41,5.16,4.61,8024800
Alaska Airlines Inc.,6/1/1992,5.19,5.50,4.56,4.63,4.14,4827200
Alaska Airlines Inc.,7/1/1992,4.59,4.88,4.44,4.53,4.05,2158800
Alaska Airlines Inc.,8/1/1992,4.53,4.69,4.31,4.38,3.92,2510800
Alaska Airlines Inc.,9/1/1992,4.38,4.63,4.31,4.34,3.89,4187200
Alaska Airlines Inc.,10/1/1992,4.31,4.31,3.69,4.06,3.64,4819600
Alaska Airlines Inc.,11/1/1992,4.03,4.41,3.94,4.19,3.77,4343200
Alaska Airlines Inc.,12/1/1992,4.16,4.22,3.78,4.13,3.71,2948800
Alaska Airlines Inc.,1/1/1993,4.22,4.53,4.09,4.19,3.77,5717200
Alaska Airlines Inc.,2/1/1993,4.19,4.44,3.91,4.13,3.71,2535600
Alaska Airlines Inc.,3/1/1993,4.16,4.47,4.03,4.28,3.85,3594400
Alaska Airlines Inc.,4/1/1993,4.25,4.47,4.00,4.16,3.74,6230000
Alaska Airlines Inc.,5/1/1993,4.16,4.31,3.94,4.03,3.63,3275200
Alaska Airlines Inc.,6/1/1993,4.00,4.22,3.56,3.75,3.37,6381200
Alaska Airlines Inc.,7/1/1993,3.75,3.78,3.13,3.19,2.87,9236400
Alaska Airlines Inc.,8/1/1993,3.19,3.31,3.06,3.28,2.95,4302400
Alaska Airlines Inc.,9/1/1993,3.28,3.41,3.09,3.19,2.87,3434400
Alaska Airlines Inc.,10/1/1993,3.19,4.06,3.13,4.00,3.60,3965200
Alaska Airlines Inc.,11/1/1993,4.00,4.34,3.81,4.06,3.65,4061200
Alaska Airlines Inc.,12/1/1993,4.06,4.22,3.44,3.53,3.18,8678800
Alaska Airlines Inc.,1/1/1994,3.53,4.56,3.47,4.38,3.93,11202000
Alaska Airlines Inc.,2/1/1994,4.41,4.72,4.09,4.31,3.88,14070800
Alaska Airlines Inc.,3/1/1994,4.28,4.31,3.41,3.66,3.29,10546800
Alaska Airlines Inc.,4/1/1994,3.59,4.00,3.44,3.91,3.51,7446400
Alaska Airlines Inc.,5/1/1994,3.91,4.03,3.75,3.94,3.54,3661600
Alaska Airlines Inc.,6/1/1994,3.91,4.00,3.63,3.94,3.54,7706000
Alaska Airlines Inc.,7/1/1994,3.75,4.13,3.59,4.06,3.65,10542000
Alaska Airlines Inc.,8/1/1994,4.06,4.47,3.97,4.44,3.99,10648400
Alaska Airlines Inc.,9/1/1994,4.44,4.44,3.94,4.19,3.77,6340000
Alaska Airlines Inc.,10/1/1994,4.13,4.44,3.66,4.34,3.91,12726000
Alaska Airlines Inc.,11/1/1994,4.34,4.50,3.94,4.09,3.68,9253200
Alaska Airlines Inc.,12/1/1994,4.06,4.19,3.28,3.75,3.37,14512000
Alaska Airlines Inc.,1/1/1995,3.75,4.19,3.59,3.72,3.34,11469600
Alaska Airlines Inc.,2/1/1995,3.75,3.94,3.59,3.84,3.46,7770800
Alaska Airlines Inc.,3/1/1995,3.84,4.03,3.38,3.97,3.57,14874000
Alaska Airlines Inc.,4/1/1995,3.91,4.31,3.63,4.28,3.85,11580400
Alaska Airlines Inc.,5/1/1995,4.28,4.28,4.06,4.16,3.74,7472000
Alaska Airlines Inc.,6/1/1995,4.16,4.59,3.94,4.56,4.10,19326400
Alaska Airlines Inc.,7/1/1995,4.56,5.03,4.56,4.81,4.33,13816400
Alaska Airlines Inc.,8/1/1995,4.84,5.00,4.50,4.88,4.38,13154400
Alaska Airlines Inc.,9/1/1995,4.84,5.34,3.50,3.94,3.54,26876400
Alaska Airlines Inc.,10/1/1995,3.88,4.06,3.41,3.75,3.37,16110000
Alaska Airlines Inc.,11/1/1995,3.72,4.59,3.63,4.53,4.07,13804800
Alaska Airlines Inc.,12/1/1995,4.50,4.72,4.03,4.06,3.65,12822800
Alaska Airlines Inc.,1/1/1996,4.06,4.97,3.97,4.94,4.44,16572400
Alaska Airlines Inc.,2/1/1996,4.94,5.69,4.81,5.56,5.00,24645200
Alaska Airlines Inc.,3/1/1996,5.56,6.94,5.34,6.69,6.01,37568400
Alaska Airlines Inc.,4/1/1996,6.72,7.69,6.25,6.38,5.73,30970400
Alaska Airlines Inc.,5/1/1996,6.34,7.16,6.06,6.50,5.85,17316800
Alaska Airlines Inc.,6/1/1996,6.56,7.25,6.50,6.84,6.15,9392800
Alaska Airlines Inc.,7/1/1996,6.88,7.03,5.66,6.00,5.40,14396800
Alaska Airlines Inc.,8/1/1996,6.00,6.31,5.19,5.28,4.75,21543200
Alaska Airlines Inc.,9/1/1996,5.25,5.38,4.78,5.34,4.81,30852000
Alaska Airlines Inc.,10/1/1996,5.34,5.63,5.16,5.50,4.95,15014000
Alaska Airlines Inc.,11/1/1996,5.47,6.28,5.41,6.03,5.42,12486000
Alaska Airlines Inc.,12/1/1996,6.06,6.22,5.19,5.25,4.72,12592400
Alaska Airlines Inc.,1/1/1997,5.28,5.63,5.19,5.41,4.86,19510400
Alaska Airlines Inc.,2/1/1997,5.34,6.28,5.34,5.94,5.34,15274400
Alaska Airlines Inc.,3/1/1997,5.94,6.91,5.78,6.41,5.76,21165200
Alaska Airlines Inc.,4/1/1997,6.34,6.56,5.75,6.22,5.59,19111200
Alaska Airlines Inc.,5/1/1997,6.00,6.38,5.91,6.22,5.59,11318000
Alaska Airlines Inc.,6/1/1997,6.16,6.41,5.91,6.41,5.76,14822400
Alaska Airlines Inc.,7/1/1997,6.38,7.41,6.31,7.39,6.65,15642000
Alaska Airlines Inc.,8/1/1997,7.38,7.50,6.78,6.86,6.17,12028400
Alaska Airlines Inc.,9/1/1997,6.84,8.33,6.83,8.22,7.39,23430400
Alaska Airlines Inc.,10/1/1997,8.23,8.75,7.50,8.34,7.50,21912800
Alaska Airlines Inc.,11/1/1997,8.41,9.38,8.41,9.34,8.40,18313200
Alaska Airlines Inc.,12/1/1997,9.41,10.03,8.55,9.69,8.71,36109200
Alaska Airlines Inc.,1/1/1998,9.88,12.56,9.56,12.14,10.92,36815200
Alaska Airlines Inc.,2/1/1998,12.27,15.25,12.03,13.77,12.38,42170800
Alaska Airlines Inc.,3/1/1998,14.00,14.80,12.97,13.55,12.18,30882400
Alaska Airlines Inc.,4/1/1998,13.59,15.64,13.20,14.05,12.63,23651600
Alaska Airlines Inc.,5/1/1998,14.08,14.08,10.78,11.58,10.41,47755200
Alaska Airlines Inc.,6/1/1998,11.63,13.78,11.52,13.64,12.27,29246000
Alaska Airlines Inc.,7/1/1998,13.70,15.30,10.25,10.53,9.47,31302000
Alaska Airlines Inc.,8/1/1998,10.50,12.17,9.25,9.73,8.75,24224400
Alaska Airlines Inc.,9/1/1998,9.77,10.66,8.16,8.52,7.66,31072800
Alaska Airlines Inc.,10/1/1998,8.28,9.28,6.50,8.98,8.08,48115600
Alaska Airlines Inc.,11/1/1998,9.25,9.75,8.03,9.36,8.42,32616800
Alaska Airlines Inc.,12/1/1998,9.28,11.45,9.06,11.06,9.95,30788400
Alaska Airlines Inc.,1/1/1999,11.13,13.09,10.66,12.59,11.33,37744000
Alaska Airlines Inc.,2/1/1999,12.75,13.67,11.94,12.67,11.40,26930800
Alaska Airlines Inc.,3/1/1999,12.61,13.59,11.38,11.88,10.68,25546400
Alaska Airlines Inc.,4/1/1999,11.94,12.98,10.80,11.02,9.91,25914400
Alaska Airlines Inc.,5/1/1999,11.03,11.50,9.52,10.38,9.33,18584800
Alaska Airlines Inc.,6/1/1999,10.38,10.66,9.50,10.44,9.39,18435600
Alaska Airlines Inc.,7/1/1999,10.38,11.66,10.38,11.09,9.98,15638800
Alaska Airlines Inc.,8/1/1999,11.16,11.48,10.20,10.81,9.72,12173200
Alaska Airlines Inc.,9/1/1999,10.88,11.41,9.50,10.17,9.15,19694400
Alaska Airlines Inc.,10/1/1999,10.16,10.95,9.08,9.94,8.94,18748000
Alaska Airlines Inc.,11/1/1999,9.95,10.19,9.06,9.50,8.54,15973200
Alaska Airlines Inc.,12/1/1999,9.48,9.64,8.30,8.78,7.90,24197200
Alaska Airlines Inc.,1/1/2000,8.88,9.22,7.53,7.97,7.17,23771600
Alaska Airlines Inc.,2/1/2000,7.47,8.17,6.53,6.63,5.96,26398400
Alaska Airlines Inc.,3/1/2000,6.69,8.31,6.31,7.52,6.76,35225600
Alaska Airlines Inc.,4/1/2000,7.50,7.97,7.02,7.19,6.46,18172400
Alaska Airlines Inc.,5/1/2000,7.17,8.02,6.98,7.78,7.00,19413600
Alaska Airlines Inc.,6/1/2000,7.81,8.30,6.61,6.78,6.10,27358400
Alaska Airlines Inc.,7/1/2000,6.80,7.23,6.56,6.86,6.17,18765200
Alaska Airlines Inc.,8/1/2000,6.91,7.13,6.36,6.50,5.85,14198000
Alaska Airlines Inc.,9/1/2000,6.52,6.70,5.78,6.00,5.40,15558000
Alaska Airlines Inc.,10/1/2000,5.97,6.56,4.88,6.48,5.83,26346800
Alaska Airlines Inc.,11/1/2000,6.55,7.28,6.36,6.98,6.28,12890400
Alaska Airlines Inc.,12/1/2000,6.95,7.94,6.08,7.44,6.69,17416400
Alaska Airlines Inc.,1/1/2001,7.38,8.81,7.25,8.09,7.27,19071600
Alaska Airlines Inc.,2/1/2001,8.08,8.41,7.02,7.15,6.43,10182400
Alaska Airlines Inc.,3/1/2001,7.03,7.25,6.10,6.43,5.78,18969600
Alaska Airlines Inc.,4/1/2001,6.43,7.23,6.15,7.04,6.33,12745200
Alaska Airlines Inc.,5/1/2001,7.04,7.38,6.79,7.18,6.46,8593200
Alaska Airlines Inc.,6/1/2001,7.15,7.23,6.35,7.23,6.50,9540400
Alaska Airlines Inc.,7/1/2001,7.16,8.10,7.03,7.91,7.11,15061200
Alaska Airlines Inc.,8/1/2001,7.91,8.42,7.90,8.16,7.34,11963200
Alaska Airlines Inc.,9/1/2001,8.15,8.21,4.35,4.99,4.49,26569600
Alaska Airlines Inc.,10/1/2001,4.99,6.14,4.82,6.10,5.49,30692000
Alaska Airlines Inc.,11/1/2001,6.08,7.48,5.99,7.16,6.44,35308000
Alaska Airlines Inc.,12/1/2001,7.20,7.78,7.04,7.28,6.54,20691200
Alaska Airlines Inc.,1/1/2002,7.29,8.07,7.03,7.67,6.89,20236800
Alaska Airlines Inc.,2/1/2002,7.70,8.07,6.99,7.76,6.98,13988800
Alaska Airlines Inc.,3/1/2002,7.80,8.48,7.76,8.32,7.48,19181600
Alaska Airlines Inc.,4/1/2002,8.30,8.31,7.48,7.66,6.89,14975200
Alaska Airlines Inc.,5/1/2002,7.66,7.77,6.75,6.96,6.26,13676000
Alaska Airlines Inc.,6/1/2002,6.95,6.95,6.19,6.53,5.87,15129600
Alaska Airlines Inc.,7/1/2002,6.53,6.54,4.88,5.88,5.28,17346000
Alaska Airlines Inc.,8/1/2002,5.88,6.81,5.35,6.11,5.49,17873200
Alaska Airlines Inc.,9/1/2002,6.10,6.16,4.06,4.43,3.98,23826800
Alaska Airlines Inc.,10/1/2002,4.40,5.69,3.42,5.41,4.87,43815600
Alaska Airlines Inc.,11/1/2002,5.41,5.93,5.00,5.29,4.76,20926000
Alaska Airlines Inc.,12/1/2002,5.50,5.81,4.91,5.41,4.87,20443600
Alaska Airlines Inc.,1/1/2003,5.46,6.09,4.81,4.94,4.44,18764000
Alaska Airlines Inc.,2/1/2003,4.94,5.00,4.25,4.54,4.08,17040000
Alaska Airlines Inc.,3/1/2003,4.59,4.83,3.82,3.92,3.52,58500400
Alaska Airlines Inc.,4/1/2003,3.98,4.48,3.87,4.46,4.01,23606800
Alaska Airlines Inc.,5/1/2003,4.45,5.04,4.30,4.75,4.27,25390000
Alaska Airlines Inc.,6/1/2003,4.88,5.50,4.70,5.36,4.82,21722400
Alaska Airlines Inc.,7/1/2003,5.36,6.21,5.21,6.12,5.50,40882800
Alaska Airlines Inc.,8/1/2003,6.05,6.93,5.48,6.90,6.20,24053200
Alaska Airlines Inc.,9/1/2003,6.88,7.44,6.70,6.96,6.25,39064800
Alaska Airlines Inc.,10/1/2003,6.99,7.97,6.76,7.20,6.47,34568800
Alaska Airlines Inc.,11/1/2003,7.18,7.27,6.49,7.19,6.47,19179600
Alaska Airlines Inc.,12/1/2003,7.25,7.30,6.19,6.82,6.14,20532800
Alaska Airlines Inc.,1/1/2004,6.88,7.32,6.48,6.95,6.25,19824000
Alaska Airlines Inc.,2/1/2004,7.03,7.03,6.38,6.44,5.79,13840000
Alaska Airlines Inc.,3/1/2004,6.42,6.59,5.58,6.17,5.54,33628400
Alaska Airlines Inc.,4/1/2004,6.15,6.79,5.50,5.53,4.98,36613600
Alaska Airlines Inc.,5/1/2004,5.55,5.62,4.82,5.15,4.63,39338800
Alaska Airlines Inc.,6/1/2004,5.15,6.00,5.03,5.97,5.37,28922400
Alaska Airlines Inc.,7/1/2004,5.97,6.01,4.93,5.21,4.68,26886800
Alaska Airlines Inc.,8/1/2004,5.21,5.96,4.69,5.89,5.29,27684000
Alaska Airlines Inc.,9/1/2004,5.89,6.43,5.68,6.20,5.57,34378400
Alaska Airlines Inc.,10/1/2004,6.23,6.74,5.73,6.59,5.92,39869600
Alaska Airlines Inc.,11/1/2004,6.59,7.85,6.46,7.81,7.02,43187200
Alaska Airlines Inc.,12/1/2004,7.85,8.42,7.83,8.37,7.53,52379200
Alaska Airlines Inc.,1/1/2005,8.43,8.50,6.86,7.45,6.70,37726800
Alaska Airlines Inc.,2/1/2005,7.41,7.98,7.03,7.09,6.38,23346000
Alaska Airlines Inc.,3/1/2005,7.15,7.84,7.07,7.36,6.62,33346800
Alaska Airlines Inc.,4/1/2005,7.36,7.88,6.39,6.67,6.00,34815200
Alaska Airlines Inc.,5/1/2005,6.78,7.48,6.65,7.38,6.64,26230000
Alaska Airlines Inc.,6/1/2005,7.39,7.80,7.19,7.44,6.69,37915200
Alaska Airlines Inc.,7/1/2005,7.48,8.75,7.22,8.75,7.86,30296000
Alaska Airlines Inc.,8/1/2005,8.51,8.93,8.10,8.43,7.58,35826800
Alaska Airlines Inc.,9/1/2005,8.43,8.45,7.10,7.27,6.53,39250800
Alaska Airlines Inc.,10/1/2005,7.35,7.94,7.06,7.88,7.09,34069600
Alaska Airlines Inc.,11/1/2005,7.86,8.98,7.79,8.81,7.92,36924400
Alaska Airlines Inc.,12/1/2005,8.86,9.47,8.51,8.93,8.03,49306800
Alaska Airlines Inc.,1/1/2006,8.96,9.05,7.46,7.98,7.18,62233600
Alaska Airlines Inc.,2/1/2006,8.02,8.28,7.59,8.01,7.21,39590400
Alaska Airlines Inc.,3/1/2006,8.05,8.99,7.36,8.86,7.97,79687600
Alaska Airlines Inc.,4/1/2006,8.98,9.84,8.47,9.49,8.53,57578400
Alaska Airlines Inc.,5/1/2006,9.49,10.14,9.16,9.69,8.71,63020000
Alaska Airlines Inc.,6/1/2006,9.75,10.00,8.66,9.86,8.86,53490000
Alaska Airlines Inc.,7/1/2006,9.89,10.27,8.40,9.28,8.35,51474000
Alaska Airlines Inc.,8/1/2006,9.21,9.80,8.50,9.47,8.51,42058000
Alaska Airlines Inc.,9/1/2006,9.52,9.91,8.82,9.51,8.55,36280800
Alaska Airlines Inc.,10/1/2006,9.57,11.46,9.51,10.04,9.03,69167600
Alaska Airlines Inc.,11/1/2006,10.09,11.11,9.50,10.28,9.25,49828800
Alaska Airlines Inc.,12/1/2006,10.35,10.83,9.38,9.88,8.88,52180400
Alaska Airlines Inc.,1/1/2007,10.06,11.13,9.89,10.71,9.63,42772400
Alaska Airlines Inc.,2/1/2007,10.74,11.13,10.02,10.25,9.22,29774800
Alaska Airlines Inc.,3/1/2007,10.03,10.29,9.14,9.53,8.57,39565600
Alaska Airlines Inc.,4/1/2007,9.55,9.75,7.38,7.40,6.65,51100800
Alaska Airlines Inc.,5/1/2007,7.39,7.68,6.79,7.29,6.56,83089200
Alaska Airlines Inc.,6/1/2007,7.32,7.33,6.48,6.97,6.26,59973600
Alaska Airlines Inc.,7/1/2007,7.00,7.27,5.82,5.83,5.24,59810800
Alaska Airlines Inc.,8/1/2007,5.87,6.56,5.38,6.21,5.58,77162000
Alaska Airlines Inc.,9/1/2007,6.27,6.50,5.65,5.77,5.19,45717200
Alaska Airlines Inc.,10/1/2007,5.77,6.97,5.77,6.35,5.71,70994400
Alaska Airlines Inc.,11/1/2007,6.24,6.44,5.29,6.33,5.69,82325600
Alaska Airlines Inc.,12/1/2007,6.28,7.00,5.93,6.25,5.62,43239600
Alaska Airlines Inc.,1/1/2008,6.21,6.39,5.28,6.33,5.69,70955200
Alaska Airlines Inc.,2/1/2008,6.35,7.14,6.08,6.10,5.49,60262800
Alaska Airlines Inc.,3/1/2008,6.15,6.18,4.36,4.91,4.41,89115600
Alaska Airlines Inc.,4/1/2008,5.00,5.57,4.38,5.37,4.83,55337600
Alaska Airlines Inc.,5/1/2008,5.40,5.75,4.33,4.88,4.39,45271600
Alaska Airlines Inc.,6/1/2008,4.92,5.31,3.84,3.84,3.45,75583600
Alaska Airlines Inc.,7/1/2008,3.78,4.96,2.53,4.47,4.02,114128000
Alaska Airlines Inc.,8/1/2008,4.56,5.81,4.23,5.25,4.72,85548400
Alaska Airlines Inc.,9/1/2008,5.57,6.17,4.66,5.10,4.58,90510000
Alaska Airlines Inc.,10/1/2008,5.20,6.50,3.22,6.18,5.55,98820000
Alaska Airlines Inc.,11/1/2008,6.22,6.94,4.64,5.74,5.16,85911200
Alaska Airlines Inc.,12/1/2008,5.58,7.44,5.20,7.31,6.58,78988800
Alaska Airlines Inc.,1/1/2009,7.32,7.74,6.13,6.59,5.93,80392000
Alaska Airlines Inc.,2/1/2009,6.54,7.49,5.29,5.48,4.93,78603200
Alaska Airlines Inc.,3/1/2009,5.37,5.53,3.40,4.39,3.95,92062400
Alaska Airlines Inc.,4/1/2009,4.37,5.52,3.97,4.20,3.77,70190800
Alaska Airlines Inc.,5/1/2009,4.26,4.77,3.63,3.89,3.50,75963200
Alaska Airlines Inc.,6/1/2009,3.99,4.66,3.85,4.57,4.11,67010000
Alaska Airlines Inc.,7/1/2009,4.54,5.88,4.48,5.77,5.18,45022000
Alaska Airlines Inc.,8/1/2009,5.79,6.79,5.54,6.31,5.67,39589600
Alaska Airlines Inc.,9/1/2009,6.22,7.00,5.61,6.70,6.02,44443600
Alaska Airlines Inc.,10/1/2009,6.69,7.25,6.29,6.43,5.78,49267600
Alaska Airlines Inc.,11/1/2009,6.45,7.50,6.23,7.48,6.72,36119200
Alaska Airlines Inc.,12/1/2009,7.51,9.12,7.37,8.64,7.77,41823200
Alaska Airlines Inc.,1/1/2010,8.71,9.49,7.81,7.84,7.05,46002400
Alaska Airlines Inc.,2/1/2010,7.84,9.30,7.81,8.75,7.87,47966400
Alaska Airlines Inc.,3/1/2010,8.81,10.65,8.80,10.31,9.27,55129200
Alaska Airlines Inc.,4/1/2010,10.40,11.43,9.97,10.35,9.31,48673600
Alaska Airlines Inc.,5/1/2010,10.83,12.26,9.26,11.68,10.50,63607200
Alaska Airlines Inc.,6/1/2010,11.71,13.53,11.23,11.24,10.11,52951600
Alaska Airlines Inc.,7/1/2010,11.36,13.23,10.50,12.90,11.60,45001200
Alaska Airlines Inc.,8/1/2010,13.20,13.67,10.97,11.06,9.94,50782000
Alaska Airlines Inc.,9/1/2010,11.23,12.96,10.99,12.76,11.47,39590800
Alaska Airlines Inc.,10/1/2010,12.93,13.26,11.22,13.20,11.87,40603200
Alaska Airlines Inc.,11/1/2010,13.20,14.12,13.01,13.75,12.36,26386400
Alaska Airlines Inc.,12/1/2010,13.95,14.90,13.68,14.17,12.74,25910400
Alaska Airlines Inc.,1/1/2011,14.38,16.08,14.13,14.81,13.32,34224800
Alaska Airlines Inc.,2/1/2011,14.97,16.25,14.07,14.86,13.37,32952400
Alaska Airlines Inc.,3/1/2011,14.89,16.00,14.04,15.86,14.26,32700400
Alaska Airlines Inc.,4/1/2011,16.00,16.52,14.75,16.47,14.81,26049200
Alaska Airlines Inc.,5/1/2011,16.63,17.52,16.18,16.89,15.18,24645200
Alaska Airlines Inc.,6/1/2011,16.84,17.41,15.33,17.12,15.39,29183600
Alaska Airlines Inc.,7/1/2011,17.17,17.65,14.88,15.28,13.74,33458000
Alaska Airlines Inc.,8/1/2011,15.62,15.87,12.95,14.43,12.98,44142000
Alaska Airlines Inc.,9/1/2011,14.41,15.22,13.16,14.07,12.65,30766400
Alaska Airlines Inc.,10/1/2011,13.92,17.33,12.78,16.63,14.96,40273200
Alaska Airlines Inc.,11/1/2011,16.15,17.41,15.14,17.36,15.61,31914800
Alaska Airlines Inc.,12/1/2011,17.24,19.29,16.78,18.77,16.88,44771600
Alaska Airlines Inc.,1/1/2012,19.11,19.29,17.73,19.03,17.12,34474800
Alaska Airlines Inc.,2/1/2012,19.12,19.88,16.84,17.14,15.42,39474000
Alaska Airlines Inc.,3/1/2012,17.22,18.24,16.84,17.91,16.11,44271200
Alaska Airlines Inc.,4/1/2012,17.88,18.31,16.70,16.90,15.20,31454800
Alaska Airlines Inc.,5/1/2012,16.88,17.28,15.65,17.15,15.42,39037000
Alaska Airlines Inc.,6/1/2012,16.87,18.25,16.08,17.95,16.14,39334800
Alaska Airlines Inc.,7/1/2012,18.06,19.23,17.00,17.42,15.67,40028000
Alaska Airlines Inc.,8/1/2012,17.53,17.79,16.55,16.78,15.09,27963000
Alaska Airlines Inc.,9/1/2012,16.72,17.97,16.34,17.53,15.76,25066400
Alaska Airlines Inc.,10/1/2012,17.47,19.30,17.29,19.12,17.19,25462000
Alaska Airlines Inc.,11/1/2012,19.13,21.54,18.83,21.38,19.22,35916800
Alaska Airlines Inc.,12/1/2012,21.44,22.58,21.03,21.55,19.37,24296200
Alaska Airlines Inc.,1/1/2013,22.01,23.92,21.66,23.07,20.74,30301400
Alaska Airlines Inc.,2/1/2013,23.16,25.98,22.89,25.78,23.18,24540000
Alaska Airlines Inc.,3/1/2013,25.68,32.28,25.66,31.98,28.76,31332800
Alaska Airlines Inc.,4/1/2013,31.88,32.25,28.17,30.82,27.72,38128800
Alaska Airlines Inc.,5/1/2013,30.82,34.00,27.58,28.41,25.55,50176000
Alaska Airlines Inc.,6/1/2013,28.48,29.12,25.16,26.00,23.38,43326000
Alaska Airlines Inc.,7/1/2013,26.10,31.48,25.58,30.58,27.50,41662400
Alaska Airlines Inc.,8/1/2013,30.75,31.73,28.10,28.31,25.46,38174400
Alaska Airlines Inc.,9/1/2013,28.84,32.37,28.04,31.31,28.25,21821000
Alaska Airlines Inc.,10/1/2013,31.43,35.72,30.13,35.33,31.87,29840400
Alaska Airlines Inc.,11/1/2013,35.57,39.26,35.26,38.87,35.07,21941600
Alaska Airlines Inc.,12/1/2013,38.88,39.20,34.81,36.69,33.18,36838800
Alaska Airlines Inc.,1/1/2014,36.67,41.04,36.28,39.54,35.76,33427000
Alaska Airlines Inc.,2/1/2014,39.30,43.72,36.31,43.32,39.18,30616800
Alaska Airlines Inc.,3/1/2014,42.69,46.97,42.15,46.65,42.33,28947200
Alaska Airlines Inc.,4/1/2014,46.37,48.38,43.91,47.04,42.68,37183800
Alaska Airlines Inc.,5/1/2014,47.22,50.04,46.62,49.23,44.67,25357200
Alaska Airlines Inc.,6/1/2014,49.36,50.49,46.13,47.53,43.24,33623600
Alaska Airlines Inc.,7/1/2014,47.63,50.14,43.88,43.97,40.00,38956300
Alaska Airlines Inc.,8/1/2014,43.66,47.36,41.84,46.34,42.16,24016100
Alaska Airlines Inc.,9/1/2014,46.34,48.25,43.19,43.54,39.72,21440100
Alaska Airlines Inc.,10/1/2014,43.14,53.80,40.69,53.23,48.56,44332200
Alaska Airlines Inc.,11/1/2014,53.22,59.97,53.11,59.03,53.85,23564700
Alaska Airlines Inc.,12/1/2014,58.53,60.94,54.54,59.76,54.64,31295600
Alaska Airlines Inc.,1/1/2015,60.54,71.40,57.71,67.87,62.05,33216200
Alaska Airlines Inc.,2/1/2015,67.70,68.00,61.35,63.65,58.19,32968400
Alaska Airlines Inc.,3/1/2015,64.40,69.42,62.77,66.18,60.70,26679000
Alaska Airlines Inc.,4/1/2015,65.33,68.68,61.54,64.06,58.76,26289100
Alaska Airlines Inc.,5/1/2015,64.48,68.27,62.15,64.64,59.29,22536200
Alaska Airlines Inc.,6/1/2015,65.01,67.48,58.15,64.43,59.27,34036300
Alaska Airlines Inc.,7/1/2015,65.55,77.80,62.59,75.75,69.68,32104800
Alaska Airlines Inc.,8/1/2015,76.14,82.15,58.92,74.86,68.87,26643800
Alaska Airlines Inc.,9/1/2015,73.65,82.78,73.65,79.45,73.27,30360500
Alaska Airlines Inc.,10/1/2015,78.88,81.70,72.89,76.25,70.32,37008500
Alaska Airlines Inc.,11/1/2015,76.54,82.21,74.82,79.73,73.53,20203500
Alaska Airlines Inc.,12/1/2015,79.84,87.17,79.62,80.51,74.44,25549800
Alaska Airlines Inc.,1/1/2016,79.16,79.29,64.18,70.40,65.10,35610400
Alaska Airlines Inc.,2/1/2016,70.05,75.51,61.58,73.90,68.33,24655800
Alaska Airlines Inc.,3/1/2016,74.20,83.09,73.96,82.02,76.13,25768500
Alaska Airlines Inc.,4/1/2016,81.26,83.26,70.12,70.43,65.37,35815100
Alaska Airlines Inc.,5/1/2016,70.56,71.00,64.43,66.40,61.63,59727200
Alaska Airlines Inc.,6/1/2016,66.40,67.95,54.51,58.29,54.33,42047200
Alaska Airlines Inc.,7/1/2016,58.24,68.85,56.45,67.22,62.66,37752700
Alaska Airlines Inc.,8/1/2016,67.35,68.48,64.25,67.53,62.95,25504200
Alaska Airlines Inc.,9/1/2016,67.81,71.63,64.19,65.86,61.65,26206800
Alaska Airlines Inc.,10/1/2016,65.60,75.31,65.60,72.22,67.60,25453600
Alaska Airlines Inc.,11/1/2016,72.24,83.47,69.12,82.27,77.01,21639000
Alaska Airlines Inc.,12/1/2016,81.90,91.89,80.72,88.73,83.37,26912800
Alaska Airlines Inc.,1/1/2017,88.92,96.27,86.22,93.82,88.15,26669600
Alaska Airlines Inc.,2/1/2017,93.83,98.89,92.37,97.82,91.91,22823100
Alaska Airlines Inc.,3/1/2017,98.04,101.43,89.00,92.22,86.91,33576800
Alaska Airlines Inc.,4/1/2017,92.42,92.59,83.76,85.09,80.19,27335400
Alaska Airlines Inc.,5/1/2017,85.34,87.34,82.03,87.05,82.04,31190000
Alaska Airlines Inc.,6/1/2017,87.26,93.16,87.04,89.76,84.90,24698200
Alaska Airlines Inc.,7/1/2017,90.27,95.75,83.41,85.23,80.62,24656600
Alaska Airlines Inc.,8/1/2017,85.90,87.17,73.29,74.66,70.62,28483900
Alaska Airlines Inc.,9/1/2017,75.10,78.44,71.17,76.27,72.41,33871500
Alaska Airlines Inc.,10/1/2017,76.30,82.68,64.77,66.03,62.69,48251000
Alaska Airlines Inc.,11/1/2017,65.65,70.51,61.10,69.17,65.67,38963700
Alaska Airlines Inc.,12/1/2017,69.10,76.06,66.50,73.51,70.11,33136200
Alaska Airlines Inc.,1/1/2018,74.04,75.46,59.25,65.73,62.69,62942400
Alaska Airlines Inc.,2/1/2018,65.54,67.50,61.08,64.50,61.52,54723700
Alaska Airlines Inc.,3/1/2018,64.29,69.16,61.20,61.96,59.38,41143700
Alaska Airlines Inc.,4/1/2018,61.67,70.25,57.60,64.93,62.23,51570700
Alaska Airlines Inc.,5/1/2018,65.06,65.71,57.53,60.81,58.28,48740900
Alaska Airlines Inc.,6/1/2018,61.00,64.86,59.53,60.39,58.20,42138200
Alaska Airlines Inc.,7/1/2018,60.17,65.76,57.97,62.83,60.55,43310000
Alaska Airlines Inc.,8/1/2018,62.55,68.09,60.04,67.49,65.04,29244700
Alaska Airlines Inc.,9/1/2018,67.68,70.75,66.07,68.86,66.69,25861900
Alaska Airlines Inc.,10/1/2018,68.71,69.14,59.55,61.42,59.48,43354900
Alaska Airlines Inc.,11/1/2018,61.72,74.83,61.72,73.26,70.95,32949000
Alaska Airlines Inc.,12/1/2018,73.88,74.57,57.42,60.85,59.21,41147100
Alaska Airlines Inc.,1/1/2019,59.93,66.60,57.28,63.95,62.22,34694000
Alaska Airlines Inc.,2/1/2019,64.17,67.64,60.97,61.70,60.04,23269300
Alaska Airlines Inc.,3/1/2019,61.86,62.02,53.39,56.12,54.89,48632300
Alaska Airlines Inc.,4/1/2019,56.30,62.38,56.11,61.90,60.55,31411500
Alaska Airlines Inc.,5/1/2019,62.00,63.26,57.82,58.20,56.93,21399000
Alaska Airlines Inc.,6/1/2019,58.01,64.00,57.85,63.91,62.87,21377900
Alaska Airlines Inc.,7/1/2019,64.10,65.91,62.42,63.36,62.33,24882200
Alaska Airlines Inc.,8/1/2019,63.57,64.79,57.12,59.72,58.75,21807600
Alaska Airlines Inc.,9/1/2019,59.43,66.52,59.43,64.91,64.22,16695700
Alaska Airlines Inc.,10/1/2019,65.45,72.00,61.15,69.43,68.70,22210400
Alaska Airlines Inc.,11/1/2019,69.89,72.22,67.94,69.01,68.28,11588200
Alaska Airlines Inc.,12/1/2019,69.17,70.41,66.29,67.75,67.37,20957100
Alaska Airlines Inc.,1/1/2020,68.15,68.79,64.17,64.59,64.23,28827800
Alaska Airlines Inc.,2/1/2020,65.13,66.96,49.45,50.46,50.18,27359800
Alaska Airlines Inc.,3/1/2020,50.85,51.30,20.02,28.47,28.47,87640100
Alaska Airlines Inc.,4/1/2020,26.92,34.72,23.58,32.52,32.52,64896000
Alaska Airlines Inc.,5/1/2020,31.41,39.47,23.39,34.19,34.19,68508900
Alaska Airlines Inc.,6/1/2020,34.38,50.81,33.00,36.26,36.26,112056000
Alaska Airlines Inc.,7/1/2020,37.18,38.94,33.62,34.44,34.44,48635900
Alaska Airlines Inc.,8/1/2020,34.09,41.05,33.22,38.95,38.95,50290000
Alaska Airlines Inc.,9/1/2020,38.10,43.94,34.83,36.63,36.63,50018400
Alaska Airlines Inc.,10/1/2020,37.09,41.73,35.06,37.89,37.89,50167500
Alaska Airlines Inc.,11/1/2020,38.22,53.42,36.82,50.97,50.97,47661900
Alaska Airlines Inc.,12/1/2020,51.77,54.96,48.27,52.00,52.00,38734000
Alaska Airlines Inc.,1/1/2021,52.17,56.18,48.09,48.83,48.83,38001200
Alaska Airlines Inc.,2/1/2021,49.36,68.99,48.25,65.02,65.02,37451800
Alaska Airlines Inc.,3/1/2021,67.08,73.75,59.69,69.21,69.21,41539600
Alaska Airlines Inc.,4/1/2021,69.67,74.25,64.81,69.14,69.14,31734700
Alaska Airlines Inc.,5/1/2021,69.46,72.92,63.64,69.20,69.20,25147200
Alaska Airlines Inc.,6/1/2021,69.93,70.90,59.83,60.31,60.31,42564600
Alaska Airlines Inc.,7/1/2021,60.86,61.75,51.75,58.03,58.03,43489500
Alaska Airlines Inc.,8/1/2021,58.21,59.73,52.88,57.34,57.34,36427900
Alaska Airlines Inc.,9/1/2021,57.78,62.85,55.43,58.60,58.60,36246900
Alaska Airlines Inc.,10/1/2021,60.53,63.76,52.20,52.80,52.80,38007500
Alaska Airlines Inc.,11/1/2021,53.02,60.12,47.38,48.57,48.57,39279700
Alaska Airlines Inc.,12/1/2021,49.96,53.40,46.26,52.10,52.10,42863600
Alaska Airlines Inc.,1/1/2022,52.86,57.60,48.73,54.74,54.74,40720000
Alaska Airlines Inc.,2/1/2022,55.01,61.07,51.62,56.14,56.14,38327100
Alaska Airlines Inc.,3/1/2022,55.35,59.54,43.46,58.01,58.01,56271300
Alaska Airlines Inc.,4/1/2022,58.36,61.55,51.91,54.39,54.39,42012400
Alaska Airlines Inc.,5/1/2022,54.13,54.45,43.39,48.26,48.26,38562300
Alaska Airlines Inc.,6/1/2022,48.68,49.78,38.19,40.05,40.05,39476400
Alaska Airlines Inc.,7/1/2022,40.25,44.51,39.67,44.33,44.33,33096300
Alaska Airlines Inc.,8/1/2022,44.18,48.76,43.51,43.56,43.56,27568900
Alaska Airlines Inc.,9/1/2022,43.18,47.41,38.44,39.15,39.15,33742300
Alaska Airlines Inc.,10/1/2022,39.35,44.78,38.72,44.46,44.46,34899100
Alaska Airlines Inc.,11/1/2022,45.05,47.67,42.34,47.44,47.44,24733400
Alaska Airlines Inc.,12/1/2022,47.58,47.99,41.29,42.94,42.94,29200000
Alaska Airlines Inc.,1/1/2023,43.52,51.81,41.77,51.34,51.34,30930900
Alaska Airlines Inc.,2/1/2023,50.95,53.96,46.27,47.83,47.83,21463100
Alaska Airlines Inc.,3/1/2023,47.73,49.75,37.20,41.96,41.96,42847800
Alaska Airlines Inc.,4/1/2023,42.26,44.87,41.25,43.46,43.46,38257000
Alaska Airlines Inc.,5/1/2023,43.33,45.99,41.69,44.93,44.93,30041400
Alaska Airlines Inc.,6/1/2023,45.09,53.40,44.36,53.18,53.18,29602600
Alaska Airlines Inc.,7/1/2023,53.07,57.18,46.45,48.63,48.63,43649400
Alaska Airlines Inc.,8/1/2023,48.00,48.23,41.55,41.97,41.97,33903700
Alaska Airlines Inc.,9/1/2023,42.26,42.43,36.15,37.08,37.08,38481400
Alaska Airlines Inc.,10/1/2023,37.04,37.34,31.03,31.63,31.63,58275200
Alaska Airlines Inc.,11/1/2023,31.62,37.98,30.75,37.81,37.81,44465400
Alaska Airlines Inc.,12/1/2023,37.93,41.22,32.00,39.07,39.07,127694400
Alaska Airlines Inc.,1/1/2024,38.69,39.20,33.24,35.83,35.83,63907200
Alaska Airlines Inc.,2/1/2024,36.11,40.49,35.10,37.39,37.39,40443700
Alaska Airlines Inc.,3/1/2024,37.37,43.27,36.00,42.99,42.99,45738500
Alaska Airlines Inc.,4/1/2024,43.40,46.15,40.07,43.02,43.02,55453700
Alaska Airlines Inc.,5/1/2024,42.99,44.74,39.20,42.02,42.02,33469700
Alaska Airlines Inc.,6/1/2024,42.58,42.86,39.21,40.40,40.40,31564800
Alaska Airlines Inc.,7/1/2024,40.57,40.65,35.31,37.53,37.53,51841600
Alaska Airlines Inc.,8/1/2024,37.74,38.00,32.62,36.11,36.11,48540300
Alaska Airlines Inc.,9/1/2024,35.85,45.57,35.76,45.21,45.21,56917000
Alaska Airlines Inc.,10/1/2024,45.06,46.28,41.72,45.40,45.40,25228100
Alaska Airlines Inc.,10/15/2024,45.00,46.28,45.00,45.40,45.40,2024539
Allegiant Air,1/1/2007,28.36,34.16,25.83,33.25,26.93,2337400
Allegiant Air,2/1/2007,33.46,36.51,30.16,34.46,27.91,2072000
Allegiant Air,3/1/2007,33.27,35.07,30.59,31.50,25.51,1840800
Allegiant Air,4/1/2007,31.50,33.99,31.05,32.09,25.99,1467900
Allegiant Air,5/1/2007,32.25,35.65,27.53,31.75,25.72,5834200
Allegiant Air,6/1/2007,31.90,33.38,30.41,30.74,24.90,2429300
Allegiant Air,7/1/2007,30.84,33.99,29.18,29.39,23.81,1576900
Allegiant Air,8/1/2007,29.35,34.00,28.60,29.00,23.49,2869800
Allegiant Air,9/1/2007,28.86,30.68,27.56,30.32,24.56,1649100
Allegiant Air,10/1/2007,30.30,38.74,29.90,36.02,29.18,2295700
Allegiant Air,11/1/2007,35.89,36.34,30.82,35.40,28.67,2516500
Allegiant Air,12/1/2007,35.01,36.58,31.96,32.14,26.03,1363300
Allegiant Air,1/1/2008,32.07,32.46,19.97,31.28,25.34,3682800
Allegiant Air,2/1/2008,31.56,32.18,27.01,27.21,22.04,3178900
Allegiant Air,3/1/2008,27.65,28.44,22.52,26.42,21.40,2332300
Allegiant Air,4/1/2008,26.86,28.72,19.65,27.25,22.07,3388000
Allegiant Air,5/1/2008,27.13,28.93,20.35,20.90,16.93,3767500
Allegiant Air,6/1/2008,20.88,24.43,18.52,18.59,15.06,6171200
Allegiant Air,7/1/2008,18.26,25.48,15.89,24.68,19.99,8467600
Allegiant Air,8/1/2008,24.58,32.14,23.29,31.01,25.12,6738800
Allegiant Air,9/1/2008,31.90,35.94,30.28,35.32,28.61,6918400
Allegiant Air,10/1/2008,34.45,40.99,23.52,39.83,32.26,7766300
Allegiant Air,11/1/2008,40.84,44.58,32.42,43.14,34.94,6436200
Allegiant Air,12/1/2008,42.01,49.06,37.07,48.57,39.34,8401200
Allegiant Air,1/1/2009,48.98,48.98,33.29,35.76,28.96,15498300
Allegiant Air,2/1/2009,36.66,36.98,32.39,34.32,27.80,8236300
Allegiant Air,3/1/2009,34.59,46.21,32.07,45.46,36.82,10280600
Allegiant Air,4/1/2009,42.11,57.52,40.53,52.04,42.15,15600600
Allegiant Air,5/1/2009,51.75,56.19,37.67,40.34,32.67,15672800
Allegiant Air,6/1/2009,40.80,45.51,33.20,39.64,32.11,10583300
Allegiant Air,7/1/2009,40.46,47.45,37.21,43.31,35.08,9713300
Allegiant Air,8/1/2009,43.19,43.49,36.61,39.19,31.74,6595000
Allegiant Air,9/1/2009,39.00,44.29,35.75,38.09,30.85,6568200
Allegiant Air,10/1/2009,37.83,42.50,34.88,37.71,30.54,10441100
Allegiant Air,11/1/2009,37.75,42.61,37.72,41.23,33.40,4677300
Allegiant Air,12/1/2009,41.36,48.99,41.36,47.17,38.21,8782200
Allegiant Air,1/1/2010,47.18,53.82,47.17,51.20,41.47,8175100
Allegiant Air,2/1/2010,51.30,53.99,49.74,52.14,42.23,4291500
Allegiant Air,3/1/2010,52.15,59.04,51.44,57.86,46.87,6456100
Allegiant Air,4/1/2010,57.96,58.12,49.50,51.43,41.66,8612300
Allegiant Air,5/1/2010,51.48,56.28,47.84,55.29,44.78,5176600
Allegiant Air,6/1/2010,55.15,55.32,42.04,42.69,35.09,6301000
Allegiant Air,7/1/2010,43.13,46.37,42.07,44.39,36.49,5655300
Allegiant Air,8/1/2010,44.87,45.88,37.08,37.63,30.93,5834000
Allegiant Air,9/1/2010,38.09,43.93,37.05,42.32,34.79,4612400
Allegiant Air,10/1/2010,42.78,47.92,38.12,47.11,38.73,5680300
Allegiant Air,11/1/2010,47.35,50.74,44.78,49.93,41.04,4981400
Allegiant Air,12/1/2010,50.79,52.95,47.51,49.24,40.48,4324100
Allegiant Air,1/1/2011,49.63,52.35,46.11,46.54,38.26,3210800
Allegiant Air,2/1/2011,46.18,46.18,39.21,41.27,33.92,6501700
Allegiant Air,3/1/2011,41.15,44.40,40.61,43.81,36.01,5408900
Allegiant Air,4/1/2011,44.09,45.61,38.95,44.87,36.88,3624100
Allegiant Air,5/1/2011,44.99,47.98,43.84,45.61,37.49,3111200
Allegiant Air,6/1/2011,45.56,50.29,42.12,49.50,40.69,4624300
Allegiant Air,7/1/2011,49.62,49.93,41.55,43.03,35.37,3040100
Allegiant Air,8/1/2011,43.32,48.14,40.31,46.95,38.59,5302100
Allegiant Air,9/1/2011,46.96,49.19,43.90,47.13,38.74,3004700
Allegiant Air,10/1/2011,47.13,55.19,45.25,51.96,42.71,3263500
Allegiant Air,11/1/2011,50.62,54.00,47.46,52.08,42.81,1982700
Allegiant Air,12/1/2011,52.14,55.36,50.43,53.34,43.85,2120800
Allegiant Air,1/1/2012,54.41,55.85,51.56,54.97,45.19,1816100
Allegiant Air,2/1/2012,55.10,57.76,48.00,49.98,41.08,4139400
Allegiant Air,3/1/2012,50.01,55.68,47.32,54.50,44.80,2670900
Allegiant Air,4/1/2012,54.47,63.59,54.20,58.76,48.30,3426700
Allegiant Air,5/1/2012,59.03,65.14,59.03,64.85,53.31,3864800
Allegiant Air,6/1/2012,64.21,71.42,61.76,69.68,57.28,3417600
Allegiant Air,7/1/2012,70.00,75.93,67.77,71.06,58.41,2915300
Allegiant Air,8/1/2012,69.15,70.99,64.32,66.24,54.45,3256600
Allegiant Air,9/1/2012,65.97,67.70,61.63,63.36,52.08,2281600
Allegiant Air,10/1/2012,63.41,72.98,63.40,72.74,59.79,2410500
Allegiant Air,11/1/2012,72.90,76.21,69.50,74.02,60.85,1768700
Allegiant Air,12/1/2012,74.14,77.97,71.09,73.41,62.03,2312400
Allegiant Air,1/1/2013,74.48,78.85,72.17,74.47,62.92,3117800
Allegiant Air,2/1/2013,74.58,82.00,72.73,80.29,67.84,2335000
Allegiant Air,3/1/2013,80.37,89.46,80.03,88.78,75.01,2175700
Allegiant Air,4/1/2013,88.40,93.47,82.79,89.90,75.96,2263200
Allegiant Air,5/1/2013,89.58,95.77,86.99,92.51,78.17,2140600
Allegiant Air,6/1/2013,92.51,108.56,92.51,105.99,89.56,2272900
Allegiant Air,7/1/2013,107.17,109.72,91.06,97.38,82.28,3419400
Allegiant Air,8/1/2013,97.72,98.76,92.27,94.51,79.86,1607100
Allegiant Air,9/1/2013,95.34,106.81,91.28,105.36,89.02,1854500
Allegiant Air,10/1/2013,105.66,109.56,96.69,104.27,88.10,2140700
Allegiant Air,11/1/2013,104.00,114.77,102.94,110.70,93.53,1253100
Allegiant Air,12/1/2013,111.00,112.87,102.75,105.44,89.09,1479400
Allegiant Air,1/1/2014,105.33,110.00,81.19,91.07,78.60,3129700
Allegiant Air,2/1/2014,91.30,103.11,87.38,99.26,85.66,2537800
Allegiant Air,3/1/2014,98.95,112.44,98.63,111.93,96.60,2935100
Allegiant Air,4/1/2014,112.39,123.32,109.02,117.45,101.36,2180300
Allegiant Air,5/1/2014,117.60,119.10,112.15,115.00,99.25,2206100
Allegiant Air,6/1/2014,115.09,124.61,112.90,117.77,101.64,2562400
Allegiant Air,7/1/2014,118.26,125.63,113.79,117.76,101.63,2151200
Allegiant Air,8/1/2014,117.90,128.39,115.80,122.86,106.03,2188200
Allegiant Air,9/1/2014,123.40,128.55,121.90,123.66,106.72,2335400
Allegiant Air,10/1/2014,123.24,134.10,104.52,133.47,115.19,4187800
Allegiant Air,11/1/2014,133.33,144.10,131.04,140.26,121.05,2626800
Allegiant Air,12/1/2014,140.47,152.14,133.96,150.33,129.74,3460400
Allegiant Air,1/1/2015,151.87,185.30,144.51,181.27,159.33,3930900
Allegiant Air,2/1/2015,180.25,189.62,173.13,183.62,161.39,2601000
Allegiant Air,3/1/2015,183.69,199.20,182.64,192.29,169.01,3006800
Allegiant Air,4/1/2015,191.38,191.40,153.02,153.76,135.33,4280900
Allegiant Air,5/1/2015,153.93,168.56,151.04,157.47,138.60,2956300
Allegiant Air,6/1/2015,157.60,183.51,153.76,177.88,156.79,3582200
Allegiant Air,7/1/2015,180.43,220.80,175.00,212.73,187.51,4753300
Allegiant Air,8/1/2015,215.67,238.13,192.35,203.26,179.17,4570400
Allegiant Air,9/1/2015,200.21,220.95,194.34,216.25,190.86,3808700
Allegiant Air,10/1/2015,215.36,228.79,194.00,197.45,174.27,3641300
Allegiant Air,11/1/2015,198.37,204.46,174.24,175.13,154.57,2983400
Allegiant Air,12/1/2015,175.45,189.50,166.59,167.83,148.36,3147500
Allegiant Air,1/1/2016,164.79,167.35,134.64,160.47,143.18,5377100
Allegiant Air,2/1/2016,159.66,170.00,144.73,163.88,146.22,3227000
Allegiant Air,3/1/2016,165.62,182.50,163.73,178.06,158.88,3405100
Allegiant Air,4/1/2016,176.31,183.91,158.87,160.57,143.52,2545600
Allegiant Air,5/1/2016,161.00,162.80,135.57,139.02,124.26,3125400
Allegiant Air,6/1/2016,138.99,155.32,135.87,151.50,136.08,3875300
Allegiant Air,7/1/2016,151.62,152.81,128.86,129.77,116.56,4594900
Allegiant Air,8/1/2016,128.77,139.89,121.70,138.24,124.17,3476100
Allegiant Air,9/1/2016,137.84,147.55,127.50,132.07,119.27,2686100
Allegiant Air,10/1/2016,132.09,158.00,131.45,137.90,124.54,3094100
Allegiant Air,11/1/2016,137.70,169.95,132.65,163.40,147.57,2819800
Allegiant Air,12/1/2016,163.65,173.82,157.50,166.40,150.91,2512900
Allegiant Air,1/1/2017,168.25,182.25,164.50,172.00,155.99,2221900
Allegiant Air,2/1/2017,174.00,178.45,157.50,174.10,157.90,2212200
Allegiant Air,3/1/2017,176.25,178.20,153.40,160.25,145.34,2411900
Allegiant Air,4/1/2017,160.30,169.15,143.90,145.40,132.40,2949700
Allegiant Air,5/1/2017,145.80,150.05,134.65,137.00,124.75,2803000
Allegiant Air,6/1/2017,137.50,147.05,134.95,135.60,124.08,3306100
Allegiant Air,7/1/2017,136.40,147.00,126.20,129.25,118.27,2954400
Allegiant Air,8/1/2017,130.10,131.75,114.35,118.00,107.98,2970700
Allegiant Air,9/1/2017,118.25,137.75,111.54,131.70,121.19,3838800
Allegiant Air,10/1/2017,132.00,145.00,128.30,136.40,125.52,3413800
Allegiant Air,11/1/2017,137.15,154.20,125.95,152.00,139.87,2834500
Allegiant Air,12/1/2017,151.20,162.35,143.55,154.75,143.13,2713500
Allegiant Air,1/1/2018,155.40,172.00,147.50,159.25,147.30,3846300
Allegiant Air,2/1/2018,159.65,173.80,152.60,166.30,153.82,2923500
Allegiant Air,3/1/2018,166.10,181.45,160.70,172.55,159.60,2772900
Allegiant Air,4/1/2018,172.40,177.00,141.05,160.25,148.85,6758500
Allegiant Air,5/1/2018,160.65,165.00,149.85,151.35,140.58,3661600
Allegiant Air,6/1/2018,152.25,156.13,135.75,138.95,129.63,2731800
Allegiant Air,7/1/2018,137.90,147.00,117.95,123.60,115.31,4278300
Allegiant Air,8/1/2018,122.95,139.45,119.20,136.25,127.11,3229800
Allegiant Air,9/1/2018,135.80,136.25,117.30,126.80,118.90,5163100
Allegiant Air,10/1/2018,127.16,129.98,105.21,114.14,107.03,5276200
Allegiant Air,11/1/2018,114.75,134.50,113.35,134.41,126.04,3335400
Allegiant Air,12/1/2018,134.54,135.48,98.21,100.22,94.54,5265300
Allegiant Air,1/1/2019,98.60,137.00,98.18,130.00,122.63,4200200
Allegiant Air,2/1/2019,132.57,142.97,130.31,132.10,124.62,3083200
Allegiant Air,3/1/2019,132.74,133.00,120.91,129.47,122.78,3818900
Allegiant Air,4/1/2019,130.18,147.20,128.64,146.88,139.29,3737300
Allegiant Air,5/1/2019,147.18,148.80,137.59,140.11,132.87,2912600
Allegiant Air,6/1/2019,139.68,148.69,133.62,143.50,136.09,2472000
Allegiant Air,7/1/2019,145.10,157.50,140.29,149.85,142.80,3788800
Allegiant Air,8/1/2019,149.74,151.87,136.87,141.99,135.31,4369200
Allegiant Air,9/1/2019,141.97,154.17,139.99,149.66,142.62,3663900
Allegiant Air,10/1/2019,150.42,173.00,143.61,167.33,160.20,3734000
Allegiant Air,11/1/2019,167.50,174.92,165.77,169.73,162.50,2883200
Allegiant Air,12/1/2019,169.05,183.26,163.64,174.04,167.32,2572700
Allegiant Air,1/1/2020,175.14,180.20,162.52,168.04,161.55,3767600
Allegiant Air,2/1/2020,167.08,174.50,126.23,135.54,130.30,3890300
Allegiant Air,3/1/2020,138.92,141.95,60.06,81.80,79.06,8392000
Allegiant Air,4/1/2020,77.67,88.98,63.95,78.48,75.85,5701400
Allegiant Air,5/1/2020,75.71,116.30,63.50,106.55,102.98,8949700
Allegiant Air,6/1/2020,108.13,139.68,99.27,109.21,105.56,8323000
Allegiant Air,7/1/2020,111.86,119.74,100.10,112.03,108.28,4194900
Allegiant Air,8/1/2020,111.42,135.65,108.66,128.60,124.30,4269800
Allegiant Air,9/1/2020,126.67,144.87,119.70,119.80,115.79,4289300
Allegiant Air,10/1/2020,122.02,142.48,112.71,134.76,130.25,4549400
Allegiant Air,11/1/2020,136.91,178.90,129.37,170.19,164.50,3106400
Allegiant Air,12/1/2020,173.73,190.51,169.32,189.24,182.91,4058600
Allegiant Air,1/1/2021,188.77,197.13,172.91,181.49,175.42,2218800
Allegiant Air,2/1/2021,183.21,260.00,178.69,252.19,243.75,2827400
Allegiant Air,3/1/2021,257.49,271.29,229.28,244.06,235.89,4435400
Allegiant Air,4/1/2021,245.54,255.76,227.92,235.73,227.84,2086200
Allegiant Air,5/1/2021,238.21,244.42,211.48,221.46,214.05,5255300
Allegiant Air,6/1/2021,225.35,230.65,187.09,194.00,187.51,5378800
Allegiant Air,7/1/2021,194.97,201.27,171.53,190.12,183.76,3888700
Allegiant Air,8/1/2021,191.40,198.79,172.15,192.44,186.00,2957000
Allegiant Air,9/1/2021,194.13,215.48,186.24,195.48,188.94,3243500
Allegiant Air,10/1/2021,198.51,206.40,171.38,175.27,169.41,2954500
Allegiant Air,11/1/2021,175.38,197.55,169.11,173.22,167.42,3106700
Allegiant Air,12/1/2021,178.11,196.67,163.60,187.04,180.78,4922900
Allegiant Air,1/1/2022,188.38,195.66,164.03,178.66,172.68,4151000
Allegiant Air,2/1/2022,178.63,186.86,155.34,174.09,168.26,4285400
Allegiant Air,3/1/2022,171.45,173.00,132.03,162.39,156.96,5676800
Allegiant Air,4/1/2022,162.87,176.56,145.30,155.19,150.00,4609900
Allegiant Air,5/1/2022,154.07,157.91,131.13,149.45,144.45,5937900
Allegiant Air,6/1/2022,151.42,151.98,109.82,113.09,109.31,5150100
Allegiant Air,7/1/2022,112.89,122.36,108.99,115.31,111.45,3427200
Allegiant Air,8/1/2022,115.20,118.35,96.00,96.50,93.27,5504400
Allegiant Air,9/1/2022,96.03,102.49,72.97,72.98,70.54,5733600
Allegiant Air,10/1/2022,72.62,80.92,63.78,75.05,72.54,6190300
Allegiant Air,11/1/2022,76.05,83.56,69.07,82.61,79.85,4839600
Allegiant Air,12/1/2022,83.54,84.89,62.94,67.99,65.71,5113600
Allegiant Air,1/1/2023,69.37,86.84,68.31,86.03,83.15,3792700
Allegiant Air,2/1/2023,85.12,104.21,81.78,102.55,99.12,4548600
Allegiant Air,3/1/2023,102.65,105.51,78.36,91.98,88.90,4896800
Allegiant Air,4/1/2023,91.27,104.84,86.91,103.91,100.43,3182100
Allegiant Air,5/1/2023,99.65,114.35,95.66,97.49,94.23,4373000
Allegiant Air,6/1/2023,97.91,129.00,96.16,126.28,122.05,4854400
Allegiant Air,7/1/2023,125.91,130.93,120.00,123.70,119.56,3345000
Allegiant Air,8/1/2023,122.23,128.27,87.39,88.84,85.87,5370000
Allegiant Air,9/1/2023,89.41,90.01,73.96,76.86,74.72,5402700
Allegiant Air,10/1/2023,76.59,79.08,65.70,66.62,64.76,4928800
Allegiant Air,11/1/2023,66.70,71.42,54.87,68.49,66.58,6783700
Allegiant Air,12/1/2023,68.49,85.91,68.05,82.61,81.12,5026300
Allegiant Air,1/1/2024,81.65,83.66,69.70,78.40,76.99,4851300
Allegiant Air,2/1/2024,79.41,83.82,72.00,72.78,71.47,5273500
Allegiant Air,3/1/2024,73.79,77.15,65.59,75.21,74.43,4940000
Allegiant Air,4/1/2024,75.21,75.21,54.29,54.56,53.99,6902900
Allegiant Air,5/1/2024,55.01,60.74,46.90,53.20,52.64,9568300
Allegiant Air,6/1/2024,53.25,56.62,48.50,50.23,50.23,7362700
Allegiant Air,7/1/2024,49.88,58.55,43.91,56.07,56.07,11376100
Allegiant Air,8/1/2024,56.07,56.55,36.09,42.08,42.08,8787400
Allegiant Air,9/1/2024,41.07,55.28,39.10,55.06,55.06,7814700
Allegiant Air,10/1/2024,54.99,61.26,53.62,59.30,59.30,4899800
Allegiant Air,10/15/2024,58.24,61.26,57.85,59.30,59.30,343490
American Airlines Inc.,10/1/2005,20.90,25.35,20.85,24.68,23.27,19199100
American Airlines Inc.,11/1/2005,24.70,34.55,24.69,33.59,31.67,19402500
American Airlines Inc.,12/1/2005,34.00,38.80,31.38,37.14,35.01,10610800
American Airlines Inc.,1/1/2006,37.20,40.60,28.30,29.34,27.66,17765200
American Airlines Inc.,2/1/2006,29.10,35.02,28.35,33.09,31.20,11538800
American Airlines Inc.,3/1/2006,33.09,40.02,31.32,40.00,37.71,22842200
American Airlines Inc.,4/1/2006,40.00,44.70,36.19,43.26,40.78,28442700
American Airlines Inc.,5/1/2006,43.19,52.18,42.76,46.70,44.03,30935800
American Airlines Inc.,6/1/2006,45.68,50.90,41.00,50.54,47.65,36790100
American Airlines Inc.,7/1/2006,50.63,56.41,44.75,45.69,43.07,36524900
American Airlines Inc.,8/1/2006,45.60,47.03,36.80,42.25,39.83,39158500
American Airlines Inc.,9/1/2006,42.40,48.29,38.80,44.33,41.79,35609900
American Airlines Inc.,10/1/2006,45.00,51.65,43.81,49.86,47.01,41267700
American Airlines Inc.,11/1/2006,49.95,63.27,47.00,56.76,53.51,53478400
American Airlines Inc.,12/1/2006,57.51,62.70,53.85,53.85,50.77,38323100
American Airlines Inc.,1/1/2007,53.89,62.50,51.52,55.98,52.77,56962400
American Airlines Inc.,2/1/2007,56.50,59.85,50.60,52.29,49.30,31647400
American Airlines Inc.,3/1/2007,51.00,53.09,44.01,45.48,42.88,41854300
American Airlines Inc.,4/1/2007,45.26,48.30,36.68,36.94,34.82,56718000
American Airlines Inc.,5/1/2007,36.70,37.41,32.10,35.65,33.61,73097600
American Airlines Inc.,6/1/2007,35.72,35.96,26.78,30.27,28.54,64379100
American Airlines Inc.,7/1/2007,30.68,36.81,30.38,31.01,29.23,60015000
American Airlines Inc.,8/1/2007,30.73,32.71,24.26,30.95,29.18,50467200
American Airlines Inc.,9/1/2007,30.86,33.96,25.70,26.25,24.75,39961800
American Airlines Inc.,10/1/2007,26.62,33.45,26.00,27.66,26.08,61631800
American Airlines Inc.,11/1/2007,27.25,27.50,18.00,20.77,19.58,71970200
American Airlines Inc.,12/1/2007,21.21,21.21,14.41,14.71,13.87,62582800
American Airlines Inc.,1/1/2008,14.55,14.58,10.18,13.84,13.05,100230100
American Airlines Inc.,2/1/2008,13.98,16.44,12.40,12.40,11.69,54642800
American Airlines Inc.,3/1/2008,12.19,12.96,7.24,8.91,8.40,70380100
American Airlines Inc.,4/1/2008,9.20,9.94,6.10,8.59,8.10,78012700
American Airlines Inc.,5/1/2008,8.65,9.62,3.96,3.96,3.73,112579700
American Airlines Inc.,6/1/2008,4.03,4.77,2.30,2.50,2.36,212179900
American Airlines Inc.,7/1/2008,2.46,5.80,1.45,5.06,4.77,286134300
American Airlines Inc.,8/1/2008,5.30,9.79,4.68,8.49,8.00,361759400
American Airlines Inc.,9/1/2008,9.90,10.46,5.29,6.03,5.68,233673000
American Airlines Inc.,10/1/2008,6.01,10.99,3.16,10.14,9.56,236045600
American Airlines Inc.,11/1/2008,10.54,11.24,4.00,5.96,5.62,154783600
American Airlines Inc.,12/1/2008,5.79,8.05,4.88,7.73,7.29,111437900
American Airlines Inc.,1/1/2009,7.73,9.70,5.39,5.67,5.35,138012100
American Airlines Inc.,2/1/2009,5.62,6.15,2.72,2.85,2.69,127771700
American Airlines Inc.,3/1/2009,2.80,3.46,1.88,2.53,2.39,139975900
American Airlines Inc.,4/1/2009,2.46,5.06,2.44,3.79,3.57,149712300
American Airlines Inc.,5/1/2009,3.96,5.35,2.41,2.58,2.43,196763900
American Airlines Inc.,6/1/2009,2.61,3.20,2.11,2.43,2.29,162758500
American Airlines Inc.,7/1/2009,2.40,3.12,2.00,2.93,2.76,174612400
American Airlines Inc.,8/1/2009,2.98,3.88,2.61,3.40,3.21,207690400
American Airlines Inc.,9/1/2009,3.40,5.60,2.89,4.70,4.43,361210900
American Airlines Inc.,10/1/2009,4.62,4.70,2.95,3.06,2.88,214514800
American Airlines Inc.,11/1/2009,3.12,3.72,2.82,3.69,3.48,146895300
American Airlines Inc.,12/1/2009,3.77,5.40,3.63,4.84,4.56,252434900
American Airlines Inc.,1/1/2010,4.84,5.96,4.47,5.31,5.01,262480900
American Airlines Inc.,2/1/2010,5.43,7.40,5.35,7.33,6.91,230715100
American Airlines Inc.,3/1/2010,7.41,8.17,6.81,7.35,6.93,173820100
American Airlines Inc.,4/1/2010,7.37,7.87,6.27,7.07,6.67,326723600
American Airlines Inc.,5/1/2010,7.21,8.97,5.70,8.83,8.32,262008300
American Airlines Inc.,6/1/2010,8.64,10.87,8.16,8.61,8.12,239865600
American Airlines Inc.,7/1/2010,8.62,11.15,8.02,10.85,10.23,200482300
American Airlines Inc.,8/1/2010,11.00,11.40,8.40,9.04,8.52,169127000
American Airlines Inc.,9/1/2010,9.33,10.17,8.51,9.25,8.72,129319900
American Airlines Inc.,10/1/2010,9.29,12.24,8.94,11.79,11.11,140380600
American Airlines Inc.,11/1/2010,11.88,12.26,10.51,11.16,10.52,105905700
American Airlines Inc.,12/1/2010,11.34,11.43,9.80,10.01,9.44,91317200
American Airlines Inc.,1/1/2011,10.11,11.56,9.67,9.92,9.35,137974100
American Airlines Inc.,2/1/2011,9.97,10.21,8.16,8.61,8.12,180533900
American Airlines Inc.,3/1/2011,8.56,9.38,7.71,8.71,8.21,176860200
American Airlines Inc.,4/1/2011,9.08,9.16,7.76,9.09,8.57,118655300
American Airlines Inc.,5/1/2011,9.24,10.35,8.98,9.10,8.58,145480000
American Airlines Inc.,6/1/2011,9.08,9.34,7.94,8.91,8.40,141200400
American Airlines Inc.,7/1/2011,9.02,9.15,5.77,6.24,5.88,139132400
American Airlines Inc.,8/1/2011,6.40,6.43,4.95,5.59,5.27,196161700
American Airlines Inc.,9/1/2011,5.54,6.57,4.68,5.50,5.19,168818400
American Airlines Inc.,10/1/2011,5.44,6.48,4.53,5.77,5.44,137641800
American Airlines Inc.,11/1/2011,5.57,5.73,3.96,4.72,4.45,132293300
American Airlines Inc.,12/1/2011,4.90,6.23,4.82,5.07,4.78,150580600
American Airlines Inc.,1/1/2012,5.20,8.79,4.97,8.44,7.96,185238100
American Airlines Inc.,2/1/2012,8.47,9.91,6.90,7.41,6.99,180522000
American Airlines Inc.,3/1/2012,7.45,7.97,6.78,7.59,7.16,157353600
American Airlines Inc.,4/1/2012,7.59,10.44,7.41,10.26,9.67,182375100
American Airlines Inc.,5/1/2012,10.28,13.36,9.65,13.22,12.46,187875000
American Airlines Inc.,6/1/2012,13.01,13.80,11.12,13.33,12.57,194296500
American Airlines Inc.,7/1/2012,13.43,14.51,10.59,11.46,10.80,196980100
American Airlines Inc.,8/1/2012,11.29,11.75,9.74,10.66,10.05,172003900
American Airlines Inc.,9/1/2012,10.61,12.48,10.15,10.46,9.86,138223400
American Airlines Inc.,10/1/2012,10.35,12.63,10.32,12.18,11.48,119547300
American Airlines Inc.,11/1/2012,12.17,13.19,11.52,12.89,12.15,114252000
American Airlines Inc.,12/1/2012,12.92,13.75,11.97,13.50,12.73,113671300
American Airlines Inc.,1/1/2013,13.72,15.64,13.60,14.28,13.46,148165800
American Airlines Inc.,2/1/2013,14.43,15.40,12.70,13.43,12.66,193396500
American Airlines Inc.,3/1/2013,13.37,17.43,13.32,16.97,16.00,187166700
American Airlines Inc.,4/1/2013,17.02,17.13,15.03,16.90,15.93,152135500
American Airlines Inc.,5/1/2013,16.91,19.70,16.60,17.57,16.56,127394000
American Airlines Inc.,6/1/2013,17.54,18.20,15.59,16.42,15.48,104045500
American Airlines Inc.,7/1/2013,16.50,19.49,16.04,19.35,18.24,117959400
American Airlines Inc.,8/1/2013,19.44,19.59,15.28,16.16,15.23,218655000
American Airlines Inc.,9/1/2013,16.38,19.48,16.11,18.96,17.87,90979900
American Airlines Inc.,10/1/2013,18.98,23.16,18.98,21.97,20.71,125759100
American Airlines Inc.,11/1/2013,22.04,25.49,21.60,23.48,22.14,245060000
American Airlines Inc.,12/1/2013,23.55,27.20,21.45,25.25,23.80,326931400
American Airlines Inc.,1/1/2014,25.07,34.20,25.06,33.55,31.63,290291800
American Airlines Inc.,2/1/2014,33.95,37.28,33.05,36.93,34.82,197511500
American Airlines Inc.,3/1/2014,36.17,39.88,35.02,36.60,34.50,194519600
American Airlines Inc.,4/1/2014,36.95,38.90,31.86,35.07,33.06,256325500
American Airlines Inc.,5/1/2014,35.86,40.33,35.47,40.16,37.86,193159300
American Airlines Inc.,6/1/2014,40.00,44.88,38.85,42.96,40.50,335502400
American Airlines Inc.,7/1/2014,43.44,44.00,37.90,38.85,36.63,265201400
American Airlines Inc.,8/1/2014,38.75,41.00,35.23,38.88,36.75,178929000
American Airlines Inc.,9/1/2014,39.00,40.54,34.34,35.48,33.53,200541700
American Airlines Inc.,10/1/2014,34.72,41.75,28.10,41.35,39.08,473677700
American Airlines Inc.,11/1/2014,41.44,49.45,41.43,48.53,45.98,222774700
American Airlines Inc.,12/1/2014,49.00,54.64,46.05,53.63,50.81,314636000
American Airlines Inc.,1/1/2015,54.28,56.20,48.10,49.08,46.50,276810300
American Airlines Inc.,2/1/2015,48.58,52.20,45.95,47.90,45.39,208335500
American Airlines Inc.,3/1/2015,48.20,56.05,46.47,52.78,50.11,396784200
American Airlines Inc.,4/1/2015,51.10,53.47,46.88,48.29,45.85,235685400
American Airlines Inc.,5/1/2015,48.65,50.30,41.32,42.37,40.31,256703000
American Airlines Inc.,6/1/2015,42.61,44.38,38.45,39.94,38.00,301070200
American Airlines Inc.,7/1/2015,40.65,43.81,37.80,40.10,38.15,256056700
American Airlines Inc.,8/1/2015,40.24,44.45,34.10,38.98,37.08,216640500
American Airlines Inc.,9/1/2015,38.63,44.59,37.72,38.83,37.03,221863000
American Airlines Inc.,10/1/2015,38.50,46.77,37.42,46.22,44.07,232605200
American Airlines Inc.,11/1/2015,46.20,47.09,40.45,41.26,39.35,138396700
American Airlines Inc.,12/1/2015,41.47,46.49,40.70,42.35,40.47,170635500
American Airlines Inc.,1/1/2016,41.29,42.74,36.20,38.99,37.26,237116300
American Airlines Inc.,2/1/2016,39.00,41.60,34.76,41.00,39.18,184042100
American Airlines Inc.,3/1/2016,41.44,43.78,40.05,41.01,39.30,164027400
American Airlines Inc.,4/1/2016,40.13,41.76,34.10,34.69,33.24,206583200
American Airlines Inc.,5/1/2016,34.99,35.17,30.99,31.91,30.58,204486800
American Airlines Inc.,6/1/2016,31.94,33.58,24.85,28.31,27.21,274246800
American Airlines Inc.,7/1/2016,28.26,36.74,27.12,35.50,34.12,248242900
American Airlines Inc.,8/1/2016,35.54,37.35,33.00,36.30,34.89,181408000
American Airlines Inc.,9/1/2016,36.53,39.52,33.90,36.61,35.29,162097000
American Airlines Inc.,10/1/2016,36.46,40.93,36.33,40.60,39.13,176374300
American Airlines Inc.,11/1/2016,40.51,47.14,39.24,46.44,44.76,148407700
American Airlines Inc.,12/1/2016,46.20,50.64,45.58,46.69,45.12,122809500
American Airlines Inc.,1/1/2017,47.28,50.00,43.74,44.25,42.76,147225500
American Airlines Inc.,2/1/2017,44.75,48.05,43.57,46.36,44.80,110360400
American Airlines Inc.,3/1/2017,46.79,48.14,39.21,42.30,40.97,177943800
American Airlines Inc.,4/1/2017,42.33,47.39,40.82,42.62,41.28,136320900
American Airlines Inc.,5/1/2017,42.76,48.82,42.01,48.41,46.88,130914100
American Airlines Inc.,6/1/2017,48.50,51.95,48.01,50.32,48.84,133266700
American Airlines Inc.,7/1/2017,50.78,54.48,48.73,50.44,48.96,111659200
American Airlines Inc.,8/1/2017,51.13,52.00,42.67,44.74,43.42,122959600
American Airlines Inc.,9/1/2017,44.85,48.60,42.61,47.49,46.19,131313700
American Airlines Inc.,10/1/2017,47.52,53.74,46.79,46.82,45.53,118566100
American Airlines Inc.,11/1/2017,48.00,51.16,45.27,50.49,49.10,73187100
American Airlines Inc.,12/1/2017,49.67,53.47,48.69,52.03,50.71,80010600
American Airlines Inc.,1/1/2018,52.33,59.08,51.90,54.32,52.94,121867900
American Airlines Inc.,2/1/2018,54.00,55.60,46.33,54.25,52.88,91995200
American Airlines Inc.,3/1/2018,54.14,57.44,50.05,51.96,50.74,82819400
American Airlines Inc.,4/1/2018,51.77,53.08,40.65,42.93,41.92,140641600
American Airlines Inc.,5/1/2018,42.86,45.82,41.47,43.54,42.52,130062500
American Airlines Inc.,6/1/2018,44.05,45.02,37.06,37.96,37.16,125838500
American Airlines Inc.,7/1/2018,37.74,40.86,35.64,39.54,38.70,159727500
American Airlines Inc.,8/1/2018,39.38,41.04,36.42,40.48,39.62,127662600
American Airlines Inc.,9/1/2018,40.32,43.89,38.15,41.33,40.56,116498600
American Airlines Inc.,10/1/2018,41.41,41.75,30.24,35.08,34.43,273883500
American Airlines Inc.,11/1/2018,35.30,40.20,34.84,40.16,39.41,182750300
American Airlines Inc.,12/1/2018,40.57,40.58,29.59,32.11,31.60,165850500
American Airlines Inc.,1/1/2019,31.46,37.08,28.81,35.77,35.20,212732200
American Airlines Inc.,2/1/2019,35.77,37.23,34.77,35.63,35.06,128453000
American Airlines Inc.,3/1/2019,35.58,35.96,29.97,31.76,31.34,152767200
American Airlines Inc.,4/1/2019,31.98,35.24,31.70,34.18,33.73,128667400
American Airlines Inc.,5/1/2019,34.30,34.90,27.11,27.23,26.87,133158400
American Airlines Inc.,6/1/2019,27.12,33.81,27.02,32.61,32.27,124909600
American Airlines Inc.,7/1/2019,33.14,34.99,30.21,30.51,30.19,128999900
American Airlines Inc.,8/1/2019,30.43,30.57,24.23,26.31,26.04,168599300
American Airlines Inc.,9/1/2019,26.16,30.34,25.95,26.97,26.78,141809000
American Airlines Inc.,10/1/2019,27.08,31.67,24.51,30.06,29.85,193264300
American Airlines Inc.,11/1/2019,30.30,31.58,27.84,28.74,28.54,115120700
American Airlines Inc.,12/1/2019,28.79,29.81,26.68,28.68,28.57,133826900
American Airlines Inc.,1/1/2020,28.98,29.30,25.37,26.84,26.74,226705600
American Airlines Inc.,2/1/2020,26.93,30.78,18.77,19.05,18.98,262905900
American Airlines Inc.,3/1/2020,19.05,19.79,10.01,12.19,12.19,1304401000
American Airlines Inc.,4/1/2020,11.45,13.40,9.09,12.01,12.01,1750440700
American Airlines Inc.,5/1/2020,11.41,12.55,8.25,10.50,10.50,1374266000
American Airlines Inc.,6/1/2020,10.79,22.80,10.62,13.07,13.07,3103539000
American Airlines Inc.,7/1/2020,13.48,14.29,10.80,11.12,11.12,1632046000
American Airlines Inc.,8/1/2020,11.07,15.10,10.71,13.05,13.05,1490615900
American Airlines Inc.,9/1/2020,12.86,14.16,11.22,12.29,12.29,1199512900
American Airlines Inc.,10/1/2020,12.45,13.68,10.63,11.28,11.28,1349366200
American Airlines Inc.,11/1/2020,11.32,15.56,10.87,14.13,14.13,1700021700
American Airlines Inc.,12/1/2020,14.42,18.63,13.85,15.77,15.77,1859647300
American Airlines Inc.,1/1/2021,15.85,21.77,14.71,17.17,17.17,1444224200
American Airlines Inc.,2/1/2021,17.25,22.44,16.33,20.94,20.94,892994900
American Airlines Inc.,3/1/2021,21.75,26.09,18.94,23.90,23.90,1077197000
American Airlines Inc.,4/1/2021,24.02,24.85,19.64,21.72,21.72,740659000
American Airlines Inc.,5/1/2021,21.87,24.82,20.62,24.24,24.24,675687600
American Airlines Inc.,6/1/2021,24.68,26.04,20.94,21.21,21.21,617245100
American Airlines Inc.,7/1/2021,21.47,22.16,18.28,20.38,20.38,687318800
American Airlines Inc.,8/1/2021,20.49,21.49,18.29,19.94,19.94,645704700
American Airlines Inc.,9/1/2021,20.01,22.19,18.64,20.52,20.52,684885900
American Airlines Inc.,10/1/2021,21.00,22.08,18.85,19.20,19.20,574168900
American Airlines Inc.,11/1/2021,19.09,22.35,16.90,17.69,17.69,715400700
American Airlines Inc.,12/1/2021,17.94,18.87,16.15,17.96,17.96,899699400
American Airlines Inc.,1/1/2022,18.23,19.76,14.91,16.47,16.47,814025900
American Airlines Inc.,2/1/2022,16.56,19.11,15.48,17.25,17.25,761641100
American Airlines Inc.,3/1/2022,16.97,18.45,12.44,18.25,18.25,1207906400
American Airlines Inc.,4/1/2022,18.30,21.42,16.37,18.77,18.77,770056000
American Airlines Inc.,5/1/2022,18.75,19.64,15.09,17.87,17.87,674796200
American Airlines Inc.,6/1/2022,18.07,18.10,11.93,12.68,12.68,800097200
American Airlines Inc.,7/1/2022,12.78,15.42,12.52,13.71,13.71,740962700
American Airlines Inc.,8/1/2022,13.67,15.71,12.96,12.99,12.99,577818400
American Airlines Inc.,9/1/2022,12.87,14.67,11.85,12.04,12.04,689436500
American Airlines Inc.,10/1/2022,12.02,14.48,11.65,14.18,14.18,804686600
American Airlines Inc.,11/1/2022,14.44,15.18,13.20,14.43,14.43,524101400
American Airlines Inc.,12/1/2022,14.46,14.74,12.23,12.72,12.72,524327900
American Airlines Inc.,1/1/2023,12.91,17.64,12.53,16.14,16.14,678415500
American Airlines Inc.,2/1/2023,16.04,17.44,15.36,15.98,15.98,377967600
American Airlines Inc.,3/1/2023,15.93,16.80,13.36,14.75,14.75,474716700
American Airlines Inc.,4/1/2023,14.52,14.62,12.65,13.64,13.64,580831800
American Airlines Inc.,5/1/2023,13.60,15.11,13.35,14.78,14.78,522112900
American Airlines Inc.,6/1/2023,14.87,17.99,14.61,17.94,17.94,459943700
American Airlines Inc.,7/1/2023,17.86,19.08,16.19,16.75,16.75,491899400
American Airlines Inc.,8/1/2023,16.54,16.54,14.42,14.73,14.73,515280700
American Airlines Inc.,9/1/2023,14.80,14.84,12.50,12.81,12.81,538285100
American Airlines Inc.,10/1/2023,12.84,13.10,10.86,11.15,11.15,956470000
American Airlines Inc.,11/1/2023,11.11,12.77,10.98,12.43,12.43,669098000
American Airlines Inc.,12/1/2023,12.46,14.67,12.44,13.74,13.74,670107800
American Airlines Inc.,1/1/2024,13.65,15.84,12.78,14.23,14.23,938715300
American Airlines Inc.,2/1/2024,14.35,15.79,13.87,15.68,15.68,567758400
American Airlines Inc.,3/1/2024,15.70,16.15,13.78,15.35,15.35,584440100
American Airlines Inc.,4/1/2024,15.42,15.61,12.72,13.51,13.51,764854200
American Airlines Inc.,5/1/2024,13.50,15.36,11.25,11.50,11.50,765144100
American Airlines Inc.,6/1/2024,11.60,11.95,10.96,11.33,11.33,601188700
American Airlines Inc.,7/1/2024,11.33,11.41,9.76,10.64,10.64,855739400
American Airlines Inc.,8/1/2024,10.65,10.89,9.07,10.62,10.62,650402100
American Airlines Inc.,9/1/2024,10.52,11.98,10.43,11.24,11.24,819590400
American Airlines Inc.,10/1/2024,11.27,12.47,10.57,12.03,12.03,366092900
American Airlines Inc.,10/15/2024,12.12,12.47,12.00,12.03,12.03,36276830
Delta Air Lines Inc.,6/1/2007,19.10,19.89,18.02,19.70,17.23,80677500
Delta Air Lines Inc.,7/1/2007,19.57,21.80,17.32,17.82,15.58,91511400
Delta Air Lines Inc.,8/1/2007,18.00,19.50,14.94,16.88,14.76,79576300
Delta Air Lines Inc.,9/1/2007,17.04,18.34,15.90,17.95,15.70,42781800
Delta Air Lines Inc.,10/1/2007,18.00,21.05,17.81,20.80,18.19,77783500
Delta Air Lines Inc.,11/1/2007,20.45,21.10,16.20,19.76,17.28,103365300
Delta Air Lines Inc.,12/1/2007,19.75,20.00,14.04,14.89,13.02,75324400
Delta Air Lines Inc.,1/1/2008,14.73,17.00,11.50,16.82,14.71,123823500
Delta Air Lines Inc.,2/1/2008,16.80,18.99,13.24,13.35,11.67,86989700
Delta Air Lines Inc.,3/1/2008,13.27,14.60,7.94,8.60,7.52,145022500
Delta Air Lines Inc.,4/1/2008,8.94,10.89,6.50,8.51,7.44,259364300
Delta Air Lines Inc.,5/1/2008,8.64,9.02,5.37,6.15,5.38,217144800
Delta Air Lines Inc.,6/1/2008,6.25,7.03,4.80,5.70,4.98,294082900
Delta Air Lines Inc.,7/1/2008,5.47,8.79,4.00,7.54,6.59,414284600
Delta Air Lines Inc.,8/1/2008,7.81,10.26,6.92,8.13,7.11,366022300
Delta Air Lines Inc.,9/1/2008,9.32,10.10,6.46,7.45,6.52,413846300
Delta Air Lines Inc.,10/1/2008,7.64,11.90,5.10,10.98,9.60,434949100
Delta Air Lines Inc.,11/1/2008,11.14,12.00,6.29,8.81,7.70,255987000
Delta Air Lines Inc.,12/1/2008,8.60,11.64,7.80,11.46,10.02,249927900
Delta Air Lines Inc.,1/1/2009,11.31,12.65,6.74,6.90,6.03,268512000
Delta Air Lines Inc.,2/1/2009,7.09,7.67,4.86,5.03,4.40,275129100
Delta Air Lines Inc.,3/1/2009,4.85,6.45,3.51,5.63,4.92,302426500
Delta Air Lines Inc.,4/1/2009,5.52,8.27,5.36,6.17,5.40,329175000
Delta Air Lines Inc.,5/1/2009,6.28,7.88,5.40,5.81,5.08,285442300
Delta Air Lines Inc.,6/1/2009,6.09,7.25,5.31,5.79,5.06,273395900
Delta Air Lines Inc.,7/1/2009,5.82,6.95,5.56,6.93,6.06,236887900
Delta Air Lines Inc.,8/1/2009,7.04,7.79,6.55,7.22,6.31,203721800
Delta Air Lines Inc.,9/1/2009,7.12,9.88,6.74,8.96,7.84,317881100
Delta Air Lines Inc.,10/1/2009,8.95,9.20,6.92,7.14,6.24,277153900
Delta Air Lines Inc.,11/1/2009,7.14,8.19,6.78,8.19,7.16,155565700
Delta Air Lines Inc.,12/1/2009,8.31,12.08,8.20,11.38,9.95,326898000
Delta Air Lines Inc.,1/1/2010,11.22,13.73,10.95,12.23,10.70,334450000
Delta Air Lines Inc.,2/1/2010,12.37,13.21,10.93,12.92,11.30,215161100
Delta Air Lines Inc.,3/1/2010,12.93,14.90,12.33,14.59,12.76,236270900
Delta Air Lines Inc.,4/1/2010,14.63,14.94,11.95,12.08,10.56,320889200
Delta Air Lines Inc.,5/1/2010,12.30,14.48,10.90,13.58,11.88,291751900
Delta Air Lines Inc.,6/1/2010,13.31,14.50,11.24,11.75,10.28,242373500
Delta Air Lines Inc.,7/1/2010,11.97,12.40,10.40,11.88,10.39,214598200
Delta Air Lines Inc.,8/1/2010,12.08,12.80,9.60,10.46,9.15,190329500
Delta Air Lines Inc.,9/1/2010,10.83,12.00,10.40,11.64,10.18,163448700
Delta Air Lines Inc.,10/1/2010,11.75,14.10,10.96,13.89,12.15,230192000
Delta Air Lines Inc.,11/1/2010,13.90,14.54,12.87,13.68,11.96,206887700
Delta Air Lines Inc.,12/1/2010,13.96,14.10,12.15,12.60,11.02,198093300
Delta Air Lines Inc.,1/1/2011,12.69,13.21,11.11,11.67,10.21,324281300
Delta Air Lines Inc.,2/1/2011,11.75,12.13,10.37,11.24,9.83,341922300
Delta Air Lines Inc.,3/1/2011,11.26,11.64,9.71,9.80,8.57,452248800
Delta Air Lines Inc.,4/1/2011,9.89,10.70,8.91,10.38,9.08,375167700
Delta Air Lines Inc.,5/1/2011,10.66,11.60,9.91,10.08,8.81,331129700
Delta Air Lines Inc.,6/1/2011,10.08,10.18,9.10,9.17,8.02,295128600
Delta Air Lines Inc.,7/1/2011,9.24,9.41,7.28,7.89,6.90,318176700
Delta Air Lines Inc.,8/1/2011,8.20,8.24,6.41,7.53,6.58,397106500
Delta Air Lines Inc.,9/1/2011,7.55,8.57,7.06,7.50,6.56,242961900
Delta Air Lines Inc.,10/1/2011,7.39,8.98,6.64,8.52,7.45,269119600
Delta Air Lines Inc.,11/1/2011,8.20,8.50,7.08,8.12,7.10,263450700
Delta Air Lines Inc.,12/1/2011,8.04,9.13,7.93,8.09,7.07,232763800
Delta Air Lines Inc.,1/1/2012,8.23,10.88,7.83,10.55,9.23,264433700
Delta Air Lines Inc.,2/1/2012,10.68,11.58,9.40,9.81,8.58,211720500
Delta Air Lines Inc.,3/1/2012,9.80,10.28,9.07,9.92,8.68,277353800
Delta Air Lines Inc.,4/1/2012,9.88,11.12,9.78,10.96,9.58,224817200
Delta Air Lines Inc.,5/1/2012,11.14,12.25,10.03,12.10,10.58,292242800
Delta Air Lines Inc.,6/1/2012,12.02,12.04,9.89,10.95,9.58,291373700
Delta Air Lines Inc.,7/1/2012,11.11,11.25,9.08,9.65,8.44,265618800
Delta Air Lines Inc.,8/1/2012,9.49,9.93,8.46,8.65,7.56,277357400
Delta Air Lines Inc.,9/1/2012,8.66,9.70,8.42,9.16,8.01,200072700
Delta Air Lines Inc.,10/1/2012,9.12,10.49,9.11,9.63,8.42,215469500
Delta Air Lines Inc.,11/1/2012,9.64,10.50,9.21,10.00,8.74,186004300
Delta Air Lines Inc.,12/1/2012,9.99,12.05,9.50,11.87,10.38,260632000
Delta Air Lines Inc.,1/1/2013,12.07,14.20,11.97,13.89,12.15,306972100
Delta Air Lines Inc.,2/1/2013,13.97,14.90,13.16,14.27,12.48,235243800
Delta Air Lines Inc.,3/1/2013,14.26,17.25,14.26,16.51,14.44,238636500
Delta Air Lines Inc.,4/1/2013,16.43,17.33,13.94,17.14,14.99,376827200
Delta Air Lines Inc.,5/1/2013,17.26,19.43,16.68,18.01,15.75,266439500
Delta Air Lines Inc.,6/1/2013,18.12,19.05,16.94,18.71,16.36,179688400
Delta Air Lines Inc.,7/1/2013,18.80,22.01,18.30,21.23,18.57,200654800
Delta Air Lines Inc.,8/1/2013,21.53,22.05,18.53,19.73,17.25,307844600
Delta Air Lines Inc.,9/1/2013,20.05,24.10,19.57,23.59,20.69,524337300
Delta Air Lines Inc.,10/1/2013,23.68,26.72,23.63,26.38,23.14,313710900
Delta Air Lines Inc.,11/1/2013,26.46,29.44,26.05,28.98,25.42,263298600
Delta Air Lines Inc.,12/1/2013,29.00,29.42,26.40,27.47,24.15,249242500
Delta Air Lines Inc.,1/1/2014,27.26,32.92,27.26,30.61,26.91,306830600
Delta Air Lines Inc.,2/1/2014,30.64,33.95,29.12,33.21,29.19,218743500
Delta Air Lines Inc.,3/1/2014,32.39,35.85,31.90,34.65,30.52,243481200
Delta Air Lines Inc.,4/1/2014,34.93,37.47,30.54,36.83,32.44,277516500
Delta Air Lines Inc.,5/1/2014,37.00,40.69,36.56,39.91,35.15,188943700
Delta Air Lines Inc.,6/1/2014,40.14,42.66,38.04,38.72,34.15,283535800
Delta Air Lines Inc.,7/1/2014,39.00,40.41,34.77,37.46,33.04,317442000
Delta Air Lines Inc.,8/1/2014,37.38,40.77,34.59,39.58,34.91,193088500
Delta Air Lines Inc.,9/1/2014,39.80,40.97,35.18,36.15,31.97,232775300
Delta Air Lines Inc.,10/1/2014,35.35,40.40,30.12,40.23,35.58,500833200
Delta Air Lines Inc.,11/1/2014,40.28,47.19,40.23,46.67,41.27,222572900
Delta Air Lines Inc.,12/1/2014,46.55,50.16,43.90,49.19,43.59,274485500
Delta Air Lines Inc.,1/1/2015,49.92,51.06,44.47,47.31,41.92,237076100
Delta Air Lines Inc.,2/1/2015,47.10,48.27,43.35,44.52,39.45,254968300
Delta Air Lines Inc.,3/1/2015,44.52,47.63,42.60,44.96,39.92,250312400
Delta Air Lines Inc.,4/1/2015,43.67,47.38,41.02,44.64,39.64,248219300
Delta Air Lines Inc.,5/1/2015,44.81,47.98,41.72,42.92,38.11,265764600
Delta Air Lines Inc.,6/1/2015,43.21,44.79,38.97,41.08,36.55,254316900
Delta Air Lines Inc.,7/1/2015,41.75,46.64,38.81,44.34,39.45,241314400
Delta Air Lines Inc.,8/1/2015,44.68,48.30,34.61,43.78,38.95,206432300
Delta Air Lines Inc.,9/1/2015,43.95,48.18,43.30,44.87,40.04,185918900
Delta Air Lines Inc.,10/1/2015,44.71,51.66,43.35,50.84,45.37,212276100
Delta Air Lines Inc.,11/1/2015,50.90,52.00,46.37,46.46,41.46,161461800
Delta Air Lines Inc.,12/1/2015,46.81,52.77,46.58,50.69,45.36,196595800
Delta Air Lines Inc.,1/1/2016,49.42,49.75,42.42,44.29,39.63,237549100
Delta Air Lines Inc.,2/1/2016,44.73,49.45,40.03,48.24,43.16,207000600
Delta Air Lines Inc.,3/1/2016,48.73,50.50,46.01,48.68,43.69,179764700
Delta Air Lines Inc.,4/1/2016,47.50,49.80,41.22,41.67,37.40,220586000
Delta Air Lines Inc.,5/1/2016,42.11,44.66,40.64,43.46,39.01,213295600
Delta Air Lines Inc.,6/1/2016,43.46,43.71,32.60,36.43,32.80,286189400
Delta Air Lines Inc.,7/1/2016,36.41,41.35,34.08,38.75,34.89,235529600
Delta Air Lines Inc.,8/1/2016,38.92,39.51,35.84,36.75,33.09,220496600
Delta Air Lines Inc.,9/1/2016,37.00,40.23,36.32,39.36,35.64,199614800
Delta Air Lines Inc.,10/1/2016,39.25,42.41,37.91,41.77,37.82,238857100
Delta Air Lines Inc.,11/1/2016,41.84,49.41,41.55,48.18,43.62,205692000
Delta Air Lines Inc.,12/1/2016,47.96,52.76,47.59,49.19,44.74,153611800
Delta Air Lines Inc.,1/1/2017,49.37,52.00,46.57,47.24,42.97,165064700
Delta Air Lines Inc.,2/1/2017,47.48,51.96,46.48,49.93,45.42,133429300
Delta Air Lines Inc.,3/1/2017,50.41,51.87,44.47,45.96,41.97,215936500
Delta Air Lines Inc.,4/1/2017,45.96,47.55,43.81,45.44,41.50,173916400
Delta Air Lines Inc.,5/1/2017,45.59,50.95,45.40,49.13,44.87,163479400
Delta Air Lines Inc.,6/1/2017,49.32,54.53,49.30,53.74,49.28,175868300
Delta Air Lines Inc.,7/1/2017,54.26,55.75,49.26,49.36,45.26,161568200
Delta Air Lines Inc.,8/1/2017,49.78,51.55,45.00,47.19,43.27,165127400
Delta Air Lines Inc.,9/1/2017,47.42,49.28,44.59,48.22,44.50,164672300
Delta Air Lines Inc.,10/1/2017,48.35,54.06,47.90,50.03,46.17,161469100
Delta Air Lines Inc.,11/1/2017,50.19,53.50,48.33,52.92,48.84,120895100
Delta Air Lines Inc.,12/1/2017,52.55,56.84,51.76,56.00,52.00,137221700
Delta Air Lines Inc.,1/1/2018,56.29,60.79,53.88,56.77,52.72,217524400
Delta Air Lines Inc.,2/1/2018,56.51,57.18,48.52,53.90,50.05,156682300
Delta Air Lines Inc.,3/1/2018,53.87,57.31,51.81,54.81,51.19,136801500
Delta Air Lines Inc.,4/1/2018,54.59,56.02,50.95,52.22,48.77,166861300
Delta Air Lines Inc.,5/1/2018,52.27,56.12,51.09,54.05,50.48,138665600
Delta Air Lines Inc.,6/1/2018,54.42,55.84,49.05,49.54,46.55,133617700
Delta Air Lines Inc.,7/1/2018,49.25,55.05,48.52,54.42,51.13,150839400
Delta Air Lines Inc.,8/1/2018,54.79,58.87,52.94,58.48,55.32,96064700
Delta Air Lines Inc.,9/1/2018,58.50,60.23,55.69,57.83,54.71,100806000
Delta Air Lines Inc.,10/1/2018,57.99,58.14,49.68,54.73,51.77,186771600
Delta Air Lines Inc.,11/1/2018,54.93,61.32,54.75,60.71,57.43,131488300
Delta Air Lines Inc.,12/1/2018,61.00,61.07,47.90,49.90,47.50,145415900
Delta Air Lines Inc.,1/1/2019,49.25,50.45,45.08,49.43,47.05,199934200
Delta Air Lines Inc.,2/1/2019,49.63,52.22,49.54,49.58,47.20,128870700
Delta Air Lines Inc.,3/1/2019,49.37,52.08,48.22,51.65,49.51,166809100
Delta Air Lines Inc.,4/1/2019,51.82,58.99,51.52,58.29,55.87,148486000
Delta Air Lines Inc.,5/1/2019,58.20,58.51,51.31,51.50,49.37,87101100
Delta Air Lines Inc.,6/1/2019,51.48,57.42,51.41,56.75,54.73,100204800
Delta Air Lines Inc.,7/1/2019,57.30,63.44,57.25,61.04,58.86,145644600
Delta Air Lines Inc.,8/1/2019,61.31,61.77,55.57,57.86,56.16,112141700
Delta Air Lines Inc.,9/1/2019,57.44,60.58,56.65,57.60,55.90,106340200
Delta Air Lines Inc.,10/1/2019,58.05,58.68,51.07,55.08,53.46,177485000
Delta Air Lines Inc.,11/1/2019,55.55,58.43,55.12,57.31,56.04,105598900
Delta Air Lines Inc.,12/1/2019,57.25,59.92,54.54,58.48,57.18,100565600
Delta Air Lines Inc.,1/1/2020,58.93,62.48,55.43,55.74,54.50,173131800
Delta Air Lines Inc.,2/1/2020,56.20,60.03,45.03,46.13,45.10,165222100
Delta Air Lines Inc.,3/1/2020,46.22,49.97,19.10,28.53,28.09,823679400
Delta Air Lines Inc.,4/1/2020,26.59,27.60,20.76,25.91,25.51,1351787400
Delta Air Lines Inc.,5/1/2020,24.95,27.85,17.51,25.21,24.82,1171815600
Delta Air Lines Inc.,6/1/2020,25.33,37.24,25.08,28.05,27.62,1333078400
Delta Air Lines Inc.,7/1/2020,29.02,29.85,24.43,24.97,24.58,571216100
Delta Air Lines Inc.,8/1/2020,24.85,32.21,24.38,30.85,30.37,463825600
Delta Air Lines Inc.,9/1/2020,30.02,35.07,27.92,30.58,30.11,464823400
Delta Air Lines Inc.,10/1/2020,30.99,34.04,28.74,30.64,30.17,365073100
Delta Air Lines Inc.,11/1/2020,30.62,42.19,29.67,40.25,39.63,386248000
Delta Air Lines Inc.,12/1/2020,40.79,43.76,38.84,40.21,39.59,276192900
Delta Air Lines Inc.,1/1/2021,40.17,42.64,37.74,37.96,37.37,252877700
Delta Air Lines Inc.,2/1/2021,38.35,50.20,37.42,47.94,47.20,253317100
Delta Air Lines Inc.,3/1/2021,49.47,52.28,43.01,48.28,47.53,311352900
Delta Air Lines Inc.,4/1/2021,48.59,51.82,43.34,46.92,46.19,262740100
Delta Air Lines Inc.,5/1/2021,47.19,48.20,42.94,47.68,46.94,219837000
Delta Air Lines Inc.,6/1/2021,48.13,48.54,42.58,43.26,42.59,228697100
Delta Air Lines Inc.,7/1/2021,43.50,44.54,37.56,39.90,39.28,280872300
Delta Air Lines Inc.,8/1/2021,40.04,41.80,37.31,40.44,39.81,252152500
Delta Air Lines Inc.,9/1/2021,40.57,45.06,38.80,42.61,41.95,225924300
Delta Air Lines Inc.,10/1/2021,43.95,46.00,38.81,39.13,38.52,246412100
Delta Air Lines Inc.,11/1/2021,39.15,45.52,34.60,36.20,35.64,276217900
Delta Air Lines Inc.,12/1/2021,36.87,39.89,33.40,39.08,38.48,347049900
Delta Air Lines Inc.,1/1/2022,39.79,42.54,35.88,39.69,39.08,276197700
Delta Air Lines Inc.,2/1/2022,39.80,45.14,37.47,39.92,39.30,265638700
Delta Air Lines Inc.,3/1/2022,39.50,40.26,29.75,39.57,38.96,419255300
Delta Air Lines Inc.,4/1/2022,39.67,46.27,36.17,43.03,42.36,329775600
Delta Air Lines Inc.,5/1/2022,42.95,43.97,35.70,41.69,41.04,265021700
Delta Air Lines Inc.,6/1/2022,42.13,42.30,28.10,28.97,28.52,341159100
Delta Air Lines Inc.,7/1/2022,29.23,33.08,28.14,31.80,31.31,283897800
Delta Air Lines Inc.,8/1/2022,31.78,35.79,31.06,31.07,30.59,191471800
Delta Air Lines Inc.,9/1/2022,30.65,33.74,27.80,28.06,27.63,220686800
Delta Air Lines Inc.,10/1/2022,27.98,35.08,27.20,33.93,33.40,269214900
Delta Air Lines Inc.,11/1/2022,34.33,36.00,30.98,35.37,34.82,163171400
Delta Air Lines Inc.,12/1/2022,35.45,36.88,31.82,32.86,32.35,195049700
Delta Air Lines Inc.,1/1/2023,33.25,39.62,32.34,39.10,38.49,255054500
Delta Air Lines Inc.,2/1/2023,38.84,40.34,36.66,38.34,37.75,141083300
Delta Air Lines Inc.,3/1/2023,38.34,40.30,31.04,34.92,34.38,235287700
Delta Air Lines Inc.,4/1/2023,34.48,36.19,32.44,34.31,33.78,230947300
Delta Air Lines Inc.,5/1/2023,34.43,36.93,32.68,36.33,35.77,204228100
Delta Air Lines Inc.,6/1/2023,36.42,47.73,36.00,47.54,46.80,266395300
Delta Air Lines Inc.,7/1/2023,47.44,49.81,45.39,46.26,45.54,238104300
Delta Air Lines Inc.,8/1/2023,45.74,46.09,41.10,42.88,42.30,145276800
Delta Air Lines Inc.,9/1/2023,43.10,43.19,36.41,37.00,36.50,163797700
Delta Air Lines Inc.,10/1/2023,36.97,37.33,30.60,31.25,30.83,258365100
Delta Air Lines Inc.,11/1/2023,31.39,37.23,30.84,36.93,36.54,192741400
Delta Air Lines Inc.,12/1/2023,36.98,42.70,36.97,40.23,39.80,180746900
Delta Air Lines Inc.,1/1/2024,39.97,42.52,36.34,39.14,38.72,285114600
Delta Air Lines Inc.,2/1/2024,39.41,42.70,38.60,42.27,41.82,162445800
Delta Air Lines Inc.,3/1/2024,42.20,48.06,41.17,47.87,47.47,178014200
Delta Air Lines Inc.,4/1/2024,48.50,50.74,45.45,50.07,49.65,276388200
Delta Air Lines Inc.,5/1/2024,50.04,53.86,48.28,51.02,50.60,144113800
Delta Air Lines Inc.,6/1/2024,51.45,51.70,47.03,47.44,47.14,137108000
Delta Air Lines Inc.,7/1/2024,47.81,47.90,42.17,43.02,42.74,233880000
Delta Air Lines Inc.,8/1/2024,43.32,43.38,37.29,42.49,42.36,175957700
Delta Air Lines Inc.,9/1/2024,42.10,52.45,41.48,50.79,50.64,189602100
Delta Air Lines Inc.,10/1/2024,50.80,54.29,46.90,52.73,52.57,105709900
Delta Air Lines Inc.,10/15/2024,53.84,54.29,52.55,52.73,52.73,9161382
Frontier Airlines Inc.,4/1/2021,18.65,22.00,18.26,21.04,21.04,34574900
Frontier Airlines Inc.,5/1/2021,21.19,21.69,18.60,21.32,21.32,9532100
Frontier Airlines Inc.,6/1/2021,21.77,22.70,16.35,17.04,17.04,21573100
Frontier Airlines Inc.,7/1/2021,17.11,17.54,13.71,14.74,14.74,12194600
Frontier Airlines Inc.,8/1/2021,14.83,16.59,14.15,15.33,15.33,10006100
Frontier Airlines Inc.,9/1/2021,15.33,17.16,14.10,15.79,15.79,9856200
Frontier Airlines Inc.,10/1/2021,16.31,17.50,15.40,15.65,15.65,7253000
Frontier Airlines Inc.,11/1/2021,15.75,17.50,13.23,13.35,13.35,10029200
Frontier Airlines Inc.,12/1/2021,13.80,14.59,12.62,13.57,13.57,15686300
Frontier Airlines Inc.,1/1/2022,13.73,14.70,11.73,13.08,13.08,7209300
Frontier Airlines Inc.,2/1/2022,13.20,14.74,11.44,12.88,12.88,53774700
Frontier Airlines Inc.,3/1/2022,12.90,12.96,9.48,11.33,11.33,47746700
Frontier Airlines Inc.,4/1/2022,11.44,12.30,9.88,10.61,10.61,63495200
Frontier Airlines Inc.,5/1/2022,10.75,10.81,8.19,10.75,10.75,55744800
Frontier Airlines Inc.,6/1/2022,10.93,10.96,8.70,9.37,9.37,70494900
Frontier Airlines Inc.,7/1/2022,9.25,14.89,9.24,14.48,14.48,52005000
Frontier Airlines Inc.,8/1/2022,14.31,15.25,12.58,12.90,12.90,32149200
Frontier Airlines Inc.,9/1/2022,12.70,13.39,9.63,9.70,9.70,27597300
Frontier Airlines Inc.,10/1/2022,9.79,13.15,8.94,13.11,13.11,25159400
Frontier Airlines Inc.,11/1/2022,13.24,14.34,12.45,13.04,13.04,16311200
Frontier Airlines Inc.,12/1/2022,13.04,13.25,9.91,10.27,10.27,12414000
Frontier Airlines Inc.,1/1/2023,10.46,12.62,9.98,12.58,12.58,10596800
Frontier Airlines Inc.,2/1/2023,12.49,14.10,10.53,11.76,11.76,25448200
Frontier Airlines Inc.,3/1/2023,11.77,11.86,8.39,9.84,9.84,37383400
Frontier Airlines Inc.,4/1/2023,9.69,10.07,8.87,9.49,9.49,16798900
Frontier Airlines Inc.,5/1/2023,9.41,9.85,7.61,8.23,8.23,30367200
Frontier Airlines Inc.,6/1/2023,8.24,10.22,8.22,9.67,9.67,41376700
Frontier Airlines Inc.,7/1/2023,9.67,10.57,9.01,9.30,9.30,26599700
Frontier Airlines Inc.,8/1/2023,9.15,9.19,6.28,6.28,6.28,45460700
Frontier Airlines Inc.,9/1/2023,6.34,6.42,4.56,4.84,4.84,57096100
Frontier Airlines Inc.,10/1/2023,4.83,4.94,3.39,3.39,3.39,49597200
Frontier Airlines Inc.,11/1/2023,3.38,4.39,3.19,3.91,3.91,46974600
Frontier Airlines Inc.,12/1/2023,3.89,5.86,3.89,5.46,5.46,60878700
Frontier Airlines Inc.,1/1/2024,5.35,5.66,4.14,4.87,4.87,58762900
Frontier Airlines Inc.,2/1/2024,4.95,8.05,4.82,6.94,6.94,56653600
Frontier Airlines Inc.,3/1/2024,6.97,8.33,6.72,8.11,8.11,40366900
Frontier Airlines Inc.,4/1/2024,8.22,8.22,5.96,6.04,6.04,34153100
Frontier Airlines Inc.,5/1/2024,6.02,6.65,5.08,5.47,5.47,35147400
Frontier Airlines Inc.,6/1/2024,5.52,5.86,4.51,4.93,4.93,31497400
Frontier Airlines Inc.,7/1/2024,4.89,4.96,3.53,3.94,3.94,36091300
Frontier Airlines Inc.,8/1/2024,3.95,4.04,2.79,3.63,3.63,39536300
Frontier Airlines Inc.,9/1/2024,3.56,5.49,3.53,5.35,5.35,51541900
Frontier Airlines Inc.,10/1/2024,5.32,6.25,4.90,6.00,6.00,27426100
Frontier Airlines Inc.,10/15/2024,6.08,6.25,5.99,6.00,6.00,2361612
Hawaiian Airlines Inc.,7/1/2008,6.98,9.86,6.60,8.82,8.82,23320000
Hawaiian Airlines Inc.,8/1/2008,8.80,9.73,7.19,9.03,9.03,14790000
Hawaiian Airlines Inc.,9/1/2008,9.20,11.10,8.60,9.28,9.28,20360000
Hawaiian Airlines Inc.,10/1/2008,9.27,9.36,4.91,7.00,7.00,19030000
Hawaiian Airlines Inc.,11/1/2008,7.00,7.40,3.50,4.48,4.48,16410000
Hawaiian Airlines Inc.,12/1/2008,4.38,6.42,3.80,6.38,6.38,19260000
Hawaiian Airlines Inc.,1/1/2009,6.43,6.70,4.06,4.07,4.07,10470000
Hawaiian Airlines Inc.,2/1/2009,4.04,4.85,3.08,3.17,3.17,9550000
Hawaiian Airlines Inc.,3/1/2009,3.11,3.80,2.17,3.73,3.73,19480000
Hawaiian Airlines Inc.,4/1/2009,3.68,5.50,3.52,4.99,4.99,17930000
Hawaiian Airlines Inc.,5/1/2009,4.94,5.60,4.59,5.26,5.26,14820000
Hawaiian Airlines Inc.,6/1/2009,5.30,6.08,4.24,6.02,6.02,16860000
Hawaiian Airlines Inc.,7/1/2009,5.76,7.10,5.16,6.39,6.39,18660000
Hawaiian Airlines Inc.,8/1/2009,6.46,7.50,6.14,7.32,7.32,14870000
Hawaiian Airlines Inc.,9/1/2009,7.25,8.80,7.05,8.26,8.26,15420000
Hawaiian Airlines Inc.,10/1/2009,8.19,9.18,7.05,7.09,7.09,12980000
Hawaiian Airlines Inc.,11/1/2009,7.11,7.29,6.12,6.24,6.24,8090000
Hawaiian Airlines Inc.,12/1/2009,6.33,7.68,6.23,7.00,7.00,8850000
Hawaiian Airlines Inc.,1/1/2010,7.09,7.33,5.94,5.94,5.94,9410000
Hawaiian Airlines Inc.,2/1/2010,5.96,8.07,5.90,7.78,7.78,11130000
Hawaiian Airlines Inc.,3/1/2010,7.82,8.15,7.34,7.37,7.37,8970000
Hawaiian Airlines Inc.,4/1/2010,7.45,7.51,6.54,7.12,7.12,15630000
Hawaiian Airlines Inc.,5/1/2010,7.14,7.31,6.59,7.12,7.12,15210000
Hawaiian Airlines Inc.,6/1/2010,7.05,7.32,5.16,5.17,5.17,16860000
Hawaiian Airlines Inc.,7/1/2010,5.20,6.20,5.08,6.00,6.00,12820000
Hawaiian Airlines Inc.,8/1/2010,6.05,6.10,4.69,4.90,4.90,11160000
Hawaiian Airlines Inc.,9/1/2010,4.98,6.07,4.87,5.99,5.99,14650000
Hawaiian Airlines Inc.,10/1/2010,6.02,7.65,5.73,7.32,7.32,17980000
Hawaiian Airlines Inc.,11/1/2010,7.37,8.05,6.61,7.90,7.90,11030000
Hawaiian Airlines Inc.,12/1/2010,7.95,8.69,7.73,7.84,7.84,12250000
Hawaiian Airlines Inc.,1/1/2011,7.86,8.10,7.31,7.39,7.39,8530000
Hawaiian Airlines Inc.,2/1/2011,7.45,7.73,6.55,6.64,6.64,16440000
Hawaiian Airlines Inc.,3/1/2011,6.63,7.24,5.95,6.01,6.01,30450000
Hawaiian Airlines Inc.,4/1/2011,6.05,6.09,5.32,5.84,5.84,17670000
Hawaiian Airlines Inc.,5/1/2011,5.88,6.24,5.49,5.54,5.54,10980000
Hawaiian Airlines Inc.,6/1/2011,5.56,6.10,5.36,5.70,5.70,11270000
Hawaiian Airlines Inc.,7/1/2011,5.73,6.09,4.65,4.70,4.70,12950000
Hawaiian Airlines Inc.,8/1/2011,4.78,4.84,3.82,4.18,4.18,16330000
Hawaiian Airlines Inc.,9/1/2011,4.15,4.62,3.67,4.21,4.21,10030000
Hawaiian Airlines Inc.,10/1/2011,4.17,5.60,3.89,5.35,5.35,16080000
Hawaiian Airlines Inc.,11/1/2011,5.15,6.00,5.05,5.95,5.95,12300000
Hawaiian Airlines Inc.,12/1/2011,5.91,6.48,5.65,5.80,5.80,10870000
Hawaiian Airlines Inc.,1/1/2012,5.91,6.98,5.19,6.96,6.96,10830000
Hawaiian Airlines Inc.,2/1/2012,6.50,6.81,5.16,5.31,5.31,15450000
Hawaiian Airlines Inc.,3/1/2012,5.30,5.47,4.92,5.23,5.23,12200000
Hawaiian Airlines Inc.,4/1/2012,5.20,5.89,4.92,5.66,5.66,10880000
Hawaiian Airlines Inc.,5/1/2012,5.66,5.90,5.18,5.78,5.78,10080000
Hawaiian Airlines Inc.,6/1/2012,5.69,6.66,5.45,6.51,6.51,14470000
Hawaiian Airlines Inc.,7/1/2012,6.56,7.00,5.83,6.37,6.37,18600000
Hawaiian Airlines Inc.,8/1/2012,6.42,6.60,5.76,5.93,5.93,11590000
Hawaiian Airlines Inc.,9/1/2012,5.90,6.00,5.56,5.59,5.59,10480000
Hawaiian Airlines Inc.,10/1/2012,5.61,6.02,5.16,5.93,5.93,14290000
Hawaiian Airlines Inc.,11/1/2012,5.97,6.29,5.60,6.24,6.24,10970000
Hawaiian Airlines Inc.,12/1/2012,6.26,6.86,6.14,6.57,6.57,10290000
Hawaiian Airlines Inc.,1/1/2013,6.74,7.30,5.52,5.77,5.77,19650000
Hawaiian Airlines Inc.,2/1/2013,5.75,5.97,5.31,5.67,5.67,19670000
Hawaiian Airlines Inc.,3/1/2013,5.65,6.48,5.62,5.77,5.77,21100000
Hawaiian Airlines Inc.,4/1/2013,5.75,5.90,5.18,5.49,5.49,27450000
Hawaiian Airlines Inc.,5/1/2013,5.51,6.04,5.31,5.96,5.96,16940000
Hawaiian Airlines Inc.,6/1/2013,5.96,6.42,5.77,6.11,6.11,16810000
Hawaiian Airlines Inc.,7/1/2013,6.10,7.88,6.02,7.64,7.64,18870000
Hawaiian Airlines Inc.,8/1/2013,7.70,7.80,6.90,7.00,7.00,12130000
Hawaiian Airlines Inc.,9/1/2013,7.09,7.78,6.97,7.44,7.44,13890000
Hawaiian Airlines Inc.,10/1/2013,7.42,8.58,7.35,8.24,8.24,22080000
Hawaiian Airlines Inc.,11/1/2013,8.23,9.24,8.08,9.12,9.12,17840000
Hawaiian Airlines Inc.,12/1/2013,9.15,9.76,8.61,9.63,9.63,14220000
Hawaiian Airlines Inc.,1/1/2014,9.62,11.20,9.53,10.16,10.16,28250000
Hawaiian Airlines Inc.,2/1/2014,10.15,12.52,9.46,12.04,12.04,23030000
Hawaiian Airlines Inc.,3/1/2014,11.96,14.75,11.65,13.96,13.96,37500000
Hawaiian Airlines Inc.,4/1/2014,14.02,15.25,12.35,14.45,14.45,23420000
Hawaiian Airlines Inc.,5/1/2014,14.50,15.87,13.72,15.44,15.44,19080000
Hawaiian Airlines Inc.,6/1/2014,15.56,16.49,13.64,13.71,13.71,24460000
Hawaiian Airlines Inc.,7/1/2014,13.74,15.00,12.67,13.93,13.93,24520000
Hawaiian Airlines Inc.,8/1/2014,13.93,16.08,13.36,15.60,15.60,16120000
Hawaiian Airlines Inc.,9/1/2014,15.61,15.89,13.32,13.45,13.45,16180000
Hawaiian Airlines Inc.,10/1/2014,13.26,17.49,12.52,17.34,17.34,28870000
Hawaiian Airlines Inc.,11/1/2014,17.43,21.20,17.36,20.29,20.29,20610000
Hawaiian Airlines Inc.,12/1/2014,21.41,26.66,20.25,26.05,26.05,33380000
Hawaiian Airlines Inc.,1/1/2015,26.21,27.66,18.59,19.44,19.44,38420000
Hawaiian Airlines Inc.,2/1/2015,20.02,20.86,18.01,18.51,18.51,46730000
Hawaiian Airlines Inc.,3/1/2015,18.50,22.49,18.38,22.02,22.02,35450000
Hawaiian Airlines Inc.,4/1/2015,21.71,24.76,20.86,23.08,23.08,24610000
Hawaiian Airlines Inc.,5/1/2015,23.31,26.10,22.81,24.22,24.22,31840000
Hawaiian Airlines Inc.,6/1/2015,24.24,25.37,20.75,23.75,23.75,31730000
Hawaiian Airlines Inc.,7/1/2015,24.02,24.81,19.87,21.72,21.72,26320000
Hawaiian Airlines Inc.,8/1/2015,21.97,26.00,20.05,22.66,22.66,24620000
Hawaiian Airlines Inc.,9/1/2015,22.26,25.59,22.21,24.68,24.68,18170000
Hawaiian Airlines Inc.,10/1/2015,24.60,35.75,23.77,34.70,34.70,32690000
Hawaiian Airlines Inc.,11/1/2015,34.89,38.52,33.88,36.20,36.20,23290000
Hawaiian Airlines Inc.,12/1/2015,36.25,40.13,35.20,35.33,35.33,23960000
Hawaiian Airlines Inc.,1/1/2016,34.43,37.58,28.40,35.21,35.21,32720000
Hawaiian Airlines Inc.,2/1/2016,35.39,43.95,30.65,43.02,43.02,27230000
Hawaiian Airlines Inc.,3/1/2016,43.44,48.14,42.93,47.19,47.19,26180000
Hawaiian Airlines Inc.,4/1/2016,46.12,50.95,41.86,42.07,42.07,25640000
Hawaiian Airlines Inc.,5/1/2016,42.05,43.98,39.63,40.46,40.46,16000000
Hawaiian Airlines Inc.,6/1/2016,40.15,42.37,34.69,37.96,37.96,22590000
Hawaiian Airlines Inc.,7/1/2016,37.98,46.92,37.40,45.53,45.53,18580000
Hawaiian Airlines Inc.,8/1/2016,45.64,47.10,43.87,46.98,46.98,10630000
Hawaiian Airlines Inc.,9/1/2016,47.22,49.87,45.84,48.60,48.60,12840000
Hawaiian Airlines Inc.,10/1/2016,48.40,51.53,44.30,45.03,45.03,16190000
Hawaiian Airlines Inc.,11/1/2016,45.00,53.35,44.28,51.35,51.35,14370000
Hawaiian Airlines Inc.,12/1/2016,51.30,60.90,50.01,57.00,57.00,15300000
Hawaiian Airlines Inc.,1/1/2017,57.55,58.50,50.20,50.95,50.95,16180000
Hawaiian Airlines Inc.,2/1/2017,51.10,52.40,48.65,48.65,48.65,13180000
Hawaiian Airlines Inc.,3/1/2017,49.35,50.30,46.05,46.45,46.45,19570000
Hawaiian Airlines Inc.,4/1/2017,46.50,56.15,45.45,54.30,54.30,18740000
Hawaiian Airlines Inc.,5/1/2017,54.60,55.80,48.90,50.10,50.10,13590000
Hawaiian Airlines Inc.,6/1/2017,50.35,59.45,45.58,46.95,46.95,26230000
Hawaiian Airlines Inc.,7/1/2017,47.15,48.65,39.45,41.40,41.40,24980000
Hawaiian Airlines Inc.,8/1/2017,41.60,44.30,40.51,42.85,42.85,16590000
Hawaiian Airlines Inc.,9/1/2017,43.00,43.05,36.20,37.55,37.55,28700000
Hawaiian Airlines Inc.,10/1/2017,37.80,42.70,32.95,33.50,33.50,33960000
Hawaiian Airlines Inc.,11/1/2017,33.75,43.40,32.40,43.15,43.15,27470000
Hawaiian Airlines Inc.,12/1/2017,42.35,43.30,39.30,39.85,39.85,19870000
Hawaiian Airlines Inc.,1/1/2018,40.00,40.70,35.20,37.35,37.35,23840000
Hawaiian Airlines Inc.,2/1/2018,37.00,39.30,34.65,36.00,36.00,20020000
Hawaiian Airlines Inc.,3/1/2018,36.10,39.00,34.55,38.70,38.70,24310000
Hawaiian Airlines Inc.,4/1/2018,38.70,42.70,36.70,41.20,41.20,18890000
Hawaiian Airlines Inc.,5/1/2018,41.15,41.70,35.30,37.00,37.00,18400000
Hawaiian Airlines Inc.,6/1/2018,37.25,40.05,35.45,35.95,35.95,14440000
Hawaiian Airlines Inc.,7/1/2018,35.70,41.75,35.10,40.10,40.10,14770000
Hawaiian Airlines Inc.,8/1/2018,40.10,44.25,38.60,41.50,41.50,10500000
Hawaiian Airlines Inc.,9/1/2018,41.40,41.60,38.10,40.10,40.10,8870000
Hawaiian Airlines Inc.,10/1/2018,40.20,40.20,31.46,34.61,34.61,18880000
Hawaiian Airlines Inc.,11/1/2018,34.88,40.18,34.80,40.14,40.14,10040000
Hawaiian Airlines Inc.,12/1/2018,40.27,40.30,24.81,26.41,26.41,17130000
Hawaiian Airlines Inc.,1/1/2019,26.09,34.15,25.41,32.02,32.02,20830000
Hawaiian Airlines Inc.,2/1/2019,32.04,32.89,28.91,29.75,29.75,13670000
Hawaiian Airlines Inc.,3/1/2019,29.98,30.05,24.24,26.25,26.25,20020000
Hawaiian Airlines Inc.,4/1/2019,26.37,30.75,26.30,28.21,28.21,18910000
Hawaiian Airlines Inc.,5/1/2019,28.27,28.79,24.91,24.98,24.98,15400000
Hawaiian Airlines Inc.,6/1/2019,24.88,27.67,24.88,27.43,27.43,11330000
Hawaiian Airlines Inc.,7/1/2019,27.63,29.20,25.62,25.99,25.99,13520000
Hawaiian Airlines Inc.,8/1/2019,26.28,27.11,22.84,24.41,24.41,13880000
Hawaiian Airlines Inc.,9/1/2019,24.04,28.63,22.92,26.26,26.26,12850000
Hawaiian Airlines Inc.,10/1/2019,26.43,30.41,25.03,28.61,28.61,18880000
Hawaiian Airlines Inc.,11/1/2019,29.00,31.30,28.32,30.29,30.29,9760000
Hawaiian Airlines Inc.,12/1/2019,30.29,31.34,28.85,29.29,29.29,10350000
Hawaiian Airlines Inc.,1/1/2020,29.63,30.76,26.87,27.88,27.88,12950000
Hawaiian Airlines Inc.,2/1/2020,28.18,30.75,20.52,20.88,20.88,13880000
Hawaiian Airlines Inc.,3/1/2020,20.84,20.90,7.55,10.44,10.44,46600000
Hawaiian Airlines Inc.,4/1/2020,10.16,16.03,9.10,14.40,14.40,33930000
Hawaiian Airlines Inc.,5/1/2020,13.65,16.90,10.31,14.43,14.43,33810000
Hawaiian Airlines Inc.,6/1/2020,14.56,22.35,13.01,14.04,14.04,36550000
Hawaiian Airlines Inc.,7/1/2020,14.54,14.90,11.50,11.89,11.89,24580000
Hawaiian Airlines Inc.,8/1/2020,11.84,14.52,11.51,13.44,13.44,17690000
Hawaiian Airlines Inc.,9/1/2020,13.25,15.06,12.15,12.89,12.89,21930000
Hawaiian Airlines Inc.,10/1/2020,12.91,16.51,12.51,13.85,13.85,24540000
Hawaiian Airlines Inc.,11/1/2020,13.91,22.44,13.38,20.26,20.26,32620000
Hawaiian Airlines Inc.,12/1/2020,20.78,21.96,17.22,17.70,17.70,34430000
Hawaiian Airlines Inc.,1/1/2021,17.71,21.72,16.84,19.57,19.57,19820000
Hawaiian Airlines Inc.,2/1/2021,19.73,28.52,19.31,26.82,26.82,20940000
Hawaiian Airlines Inc.,3/1/2021,27.89,29.86,24.15,26.67,26.67,21620000
Hawaiian Airlines Inc.,4/1/2021,26.82,28.10,23.13,25.11,25.11,14510000
Hawaiian Airlines Inc.,5/1/2021,25.18,27.24,22.81,25.80,25.80,15540000
Hawaiian Airlines Inc.,6/1/2021,26.18,31.38,24.27,24.37,24.37,32820000
Hawaiian Airlines Inc.,7/1/2021,24.71,25.10,17.94,19.73,19.73,27100000
Hawaiian Airlines Inc.,8/1/2021,19.93,20.88,17.55,20.22,20.22,20330000
Hawaiian Airlines Inc.,9/1/2021,20.18,23.25,18.98,21.66,21.66,19120000
Hawaiian Airlines Inc.,10/1/2021,22.36,23.57,18.50,19.35,19.35,29980000
Hawaiian Airlines Inc.,11/1/2021,19.35,24.27,17.20,18.28,18.28,20520000
Hawaiian Airlines Inc.,12/1/2021,18.77,21.15,17.01,18.37,18.37,20750000
Hawaiian Airlines Inc.,1/1/2022,18.60,20.77,14.97,17.10,17.10,21030000
Hawaiian Airlines Inc.,2/1/2022,17.34,21.27,16.91,19.18,19.18,19800000
Hawaiian Airlines Inc.,3/1/2022,19.01,19.96,14.62,19.70,19.70,28410000
Hawaiian Airlines Inc.,4/1/2022,19.84,21.71,16.37,16.96,16.96,22780000
Hawaiian Airlines Inc.,5/1/2022,17.02,18.17,14.44,17.75,17.75,21200000
Hawaiian Airlines Inc.,6/1/2022,18.02,18.25,12.76,14.31,14.31,21740000
Hawaiian Airlines Inc.,7/1/2022,14.35,16.34,13.31,14.96,14.96,19110000
Hawaiian Airlines Inc.,8/1/2022,14.93,17.39,14.54,14.99,14.99,12870000
Hawaiian Airlines Inc.,9/1/2022,14.81,16.32,13.08,13.15,13.15,15710000
Hawaiian Airlines Inc.,10/1/2022,13.22,16.15,12.86,14.43,14.43,21260000
Hawaiian Airlines Inc.,11/1/2022,14.73,15.74,13.26,13.90,13.90,13260000
Hawaiian Airlines Inc.,12/1/2022,13.91,14.30,9.64,10.26,10.26,20800000
Hawaiian Airlines Inc.,1/1/2023,10.43,13.42,9.83,12.32,12.32,20630000
Hawaiian Airlines Inc.,2/1/2023,11.45,11.85,9.86,11.20,11.20,30030000
Hawaiian Airlines Inc.,3/1/2023,11.22,11.41,7.44,9.16,9.16,39640000
Hawaiian Airlines Inc.,4/1/2023,9.07,9.15,7.68,8.33,8.33,20320000
Hawaiian Airlines Inc.,5/1/2023,8.25,8.64,7.34,8.01,8.01,22300000
Hawaiian Airlines Inc.,6/1/2023,8.04,10.90,7.83,10.77,10.77,30570000
Hawaiian Airlines Inc.,7/1/2023,10.78,12.64,10.29,11.59,11.59,31010000
Hawaiian Airlines Inc.,8/1/2023,11.39,11.39,8.58,8.58,8.58,25820000
Hawaiian Airlines Inc.,9/1/2023,8.63,8.77,6.17,6.33,6.33,41480000
Hawaiian Airlines Inc.,10/1/2023,6.32,6.35,3.70,4.21,4.21,79840000
Hawaiian Airlines Inc.,11/1/2023,4.21,5.12,3.88,4.49,4.49,54790000
Hawaiian Airlines Inc.,12/1/2023,4.50,14.71,4.41,14.20,14.20,100120000
Hawaiian Airlines Inc.,1/1/2024,14.07,14.89,11.56,14.25,14.25,38430000
Hawaiian Airlines Inc.,2/1/2024,14.44,14.44,13.75,14.11,14.11,14300000
Hawaiian Airlines Inc.,3/1/2024,14.10,14.29,13.20,13.33,13.33,14460000
Hawaiian Airlines Inc.,4/1/2024,13.37,13.53,12.01,12.70,12.70,15110000
Hawaiian Airlines Inc.,5/1/2024,12.70,13.86,12.14,13.66,13.66,12320000
Hawaiian Airlines Inc.,6/1/2024,13.75,13.75,12.18,12.43,12.43,10360000
Hawaiian Airlines Inc.,7/1/2024,12.34,14.26,10.52,12.79,12.79,29070000
Hawaiian Airlines Inc.,8/1/2024,12.74,17.75,11.36,17.32,17.32,1460000
Hawaiian Airlines Inc.,9/1/2024,17.25,18.00,16.82,18.00,18.00,23730000
JetBlue Airways,5/1/2002,14.62,16.34,12.77,13.13,13.13,20052231
JetBlue Airways,6/1/2002,13.39,14.96,12.79,13.50,13.50,10375091
JetBlue Airways,7/1/2002,13.47,14.39,11.81,13.80,13.80,19394104
JetBlue Airways,8/1/2002,13.81,13.84,10.68,11.41,11.41,29106679
JetBlue Airways,9/1/2002,11.35,13.51,10.97,11.95,11.95,29561294
JetBlue Airways,10/1/2002,11.92,11.99,8.81,11.97,11.97,84346655
JetBlue Airways,11/1/2002,11.85,12.59,9.78,10.97,10.97,64724068
JetBlue Airways,12/1/2002,11.08,12.41,10.37,12.00,12.00,38371953
JetBlue Airways,1/1/2003,11.96,13.32,11.96,12.58,12.58,30555225
JetBlue Airways,2/1/2003,12.53,12.58,10.87,11.72,11.72,20509650
JetBlue Airways,3/1/2003,11.76,13.14,10.29,12.32,12.32,45715950
JetBlue Airways,4/1/2003,12.33,14.42,12.11,13.97,13.97,31810500
JetBlue Airways,5/1/2003,13.87,15.98,13.71,15.06,15.06,33942150
JetBlue Airways,6/1/2003,15.14,19.03,14.23,18.66,18.66,64572750
JetBlue Airways,7/1/2003,18.60,21.09,18.36,20.26,20.26,52537275
JetBlue Airways,8/1/2003,20.34,23.96,20.22,23.96,23.96,34797375
JetBlue Airways,9/1/2003,23.98,27.82,23.79,27.06,27.06,76794750
JetBlue Airways,10/1/2003,27.07,31.43,24.59,25.63,25.63,110457450
JetBlue Airways,11/1/2003,25.41,25.60,22.52,24.25,24.25,57068250
JetBlue Airways,12/1/2003,24.49,24.63,16.96,17.68,17.68,115635750
JetBlue Airways,1/1/2004,17.76,19.58,14.87,15.11,15.11,114898200
JetBlue Airways,2/1/2004,15.11,17.12,14.57,15.87,15.87,62721150
JetBlue Airways,3/1/2004,16.17,17.07,13.53,16.83,16.83,76257450
JetBlue Airways,4/1/2004,16.93,20.37,16.01,18.47,18.47,84823800
JetBlue Airways,5/1/2004,18.45,19.80,16.70,19.21,19.21,48892050
JetBlue Airways,6/1/2004,18.93,20.67,17.73,19.59,19.59,53013000
JetBlue Airways,7/1/2004,19.43,19.58,14.55,15.87,15.87,59482650
JetBlue Airways,8/1/2004,15.55,17.60,14.58,15.90,15.90,59820600
JetBlue Airways,9/1/2004,15.83,16.53,13.40,13.95,13.95,59920500
JetBlue Airways,10/1/2004,14.20,15.97,13.25,14.70,14.70,71677500
JetBlue Airways,11/1/2004,14.70,16.28,14.46,16.01,16.01,58449900
JetBlue Airways,12/1/2004,16.20,17.55,14.86,15.48,15.48,71051700
JetBlue Airways,1/1/2005,15.56,15.64,12.26,13.19,13.19,79767900
JetBlue Airways,2/1/2005,13.29,14.11,11.93,12.01,12.01,46869750
JetBlue Airways,3/1/2005,12.12,13.23,11.37,12.69,12.69,91316550
JetBlue Airways,4/1/2005,12.64,13.89,12.04,13.37,13.37,70537800
JetBlue Airways,5/1/2005,13.50,15.63,13.37,14.49,14.49,64627500
JetBlue Airways,6/1/2005,14.48,15.57,13.17,13.63,13.63,51125250
JetBlue Airways,7/1/2005,13.67,15.23,12.97,14.00,14.00,47179650
JetBlue Airways,8/1/2005,14.00,14.03,12.37,12.70,12.70,44757000
JetBlue Airways,9/1/2005,12.67,13.17,11.39,11.73,11.73,64096200
JetBlue Airways,10/1/2005,11.66,13.50,11.34,12.41,12.41,80060250
JetBlue Airways,11/1/2005,12.45,13.43,11.97,12.29,12.29,59892900
JetBlue Airways,12/1/2005,12.23,16.85,12.12,15.38,15.38,80808450
JetBlue Airways,1/1/2006,14.72,14.91,12.42,13.04,13.04,70036000
JetBlue Airways,2/1/2006,12.19,12.39,10.27,11.40,11.40,123146700
JetBlue Airways,3/1/2006,11.54,12.17,9.65,10.72,10.72,109743300
JetBlue Airways,4/1/2006,10.77,11.33,8.93,10.26,10.26,125841900
JetBlue Airways,5/1/2006,10.28,11.20,9.48,10.42,10.42,92320600
JetBlue Airways,6/1/2006,10.50,12.92,10.04,12.14,12.14,117723100
JetBlue Airways,7/1/2006,12.30,12.65,10.35,10.69,10.69,95780700
JetBlue Airways,8/1/2006,10.63,11.23,9.67,10.26,10.26,65436800
JetBlue Airways,9/1/2006,10.30,10.55,9.23,9.24,9.24,105144700
JetBlue Airways,10/1/2006,9.26,12.95,9.15,12.56,12.56,130716800
JetBlue Airways,11/1/2006,12.52,15.60,11.86,13.66,13.66,110462700
JetBlue Airways,12/1/2006,13.74,14.75,13.30,14.20,14.20,70417800
JetBlue Airways,1/1/2007,14.34,17.02,13.48,13.68,13.68,118523300
JetBlue Airways,2/1/2007,13.88,14.02,12.07,12.31,12.31,165698600
JetBlue Airways,3/1/2007,12.12,12.42,11.33,11.51,11.51,145392800
JetBlue Airways,4/1/2007,11.55,12.08,9.85,9.91,9.91,161562500
JetBlue Airways,5/1/2007,9.92,11.21,9.72,10.78,10.78,130974700
JetBlue Airways,6/1/2007,10.84,11.91,10.05,11.75,11.75,117643800
JetBlue Airways,7/1/2007,11.84,11.99,9.77,9.85,9.85,98203400
JetBlue Airways,8/1/2007,9.85,10.37,8.53,9.52,9.52,123392200
JetBlue Airways,9/1/2007,9.63,9.94,8.97,9.22,9.22,75129800
JetBlue Airways,10/1/2007,9.23,9.98,8.97,9.13,9.13,117576900
JetBlue Airways,11/1/2007,9.10,9.11,6.57,7.00,7.00,149583400
JetBlue Airways,12/1/2007,7.02,8.83,5.90,5.90,5.90,131081100
JetBlue Airways,1/1/2008,5.94,7.00,4.30,6.91,6.91,157282900
JetBlue Airways,2/1/2008,7.04,7.33,5.43,5.45,5.45,98564300
JetBlue Airways,3/1/2008,5.48,6.00,4.42,5.80,5.80,110126000
JetBlue Airways,4/1/2008,5.90,5.99,4.50,5.04,5.04,123782200
JetBlue Airways,5/1/2008,5.03,5.12,3.90,3.97,3.97,143152300
JetBlue Airways,6/1/2008,3.98,4.37,3.52,3.73,3.73,141016200
JetBlue Airways,7/1/2008,3.63,5.60,3.04,5.27,5.27,217606600
JetBlue Airways,8/1/2008,5.42,6.18,5.09,6.07,6.07,136584500
JetBlue Airways,9/1/2008,6.46,6.75,4.52,4.95,4.95,185563100
JetBlue Airways,10/1/2008,4.99,5.91,3.09,5.55,5.55,145678600
JetBlue Airways,11/1/2008,5.61,6.15,3.63,5.24,5.24,107970700
JetBlue Airways,12/1/2008,5.12,7.20,4.63,7.10,7.10,98376700
JetBlue Airways,1/1/2009,6.92,7.74,5.47,5.63,5.63,146812600
JetBlue Airways,2/1/2009,5.54,6.35,3.77,3.81,3.81,102678800
JetBlue Airways,3/1/2009,3.69,4.49,2.81,3.65,3.65,137647000
JetBlue Airways,4/1/2009,3.51,6.06,3.44,4.93,4.93,153147500
JetBlue Airways,5/1/2009,4.91,6.40,4.22,4.53,4.53,140086100
JetBlue Airways,6/1/2009,4.58,5.20,3.72,4.27,4.27,286215100
JetBlue Airways,7/1/2009,4.32,5.25,4.08,5.11,5.11,153326900
JetBlue Airways,8/1/2009,5.16,5.94,5.01,5.81,5.81,140769800
JetBlue Airways,9/1/2009,5.83,6.87,5.41,5.98,5.98,192741800
JetBlue Airways,10/1/2009,5.96,6.39,4.87,4.96,4.96,151405500
JetBlue Airways,11/1/2009,4.97,5.62,4.74,5.51,5.51,106085700
JetBlue Airways,12/1/2009,5.60,6.05,5.22,5.45,5.45,158081800
JetBlue Airways,1/1/2010,5.54,6.03,4.90,4.94,4.94,172725000
JetBlue Airways,2/1/2010,5.02,5.49,4.64,5.28,5.28,121029100
JetBlue Airways,3/1/2010,5.26,5.70,5.08,5.58,5.58,152707500
JetBlue Airways,4/1/2010,5.65,6.85,5.56,5.59,5.59,240562400
JetBlue Airways,5/1/2010,5.63,6.35,5.14,6.20,6.20,146477100
JetBlue Airways,6/1/2010,6.16,6.95,5.49,5.49,5.49,150269400
JetBlue Airways,7/1/2010,5.52,6.57,5.21,6.43,6.43,102766800
JetBlue Airways,8/1/2010,6.50,6.55,5.31,5.71,5.71,78145000
JetBlue Airways,9/1/2010,5.83,6.75,5.52,6.69,6.69,107505100
JetBlue Airways,10/1/2010,6.66,7.30,6.34,6.98,6.98,126120000
JetBlue Airways,11/1/2010,7.04,7.60,6.55,6.80,6.80,107320500
JetBlue Airways,12/1/2010,6.94,7.24,6.31,6.61,6.61,88722200
JetBlue Airways,1/1/2011,6.71,7.13,5.71,6.00,6.00,126550600
JetBlue Airways,2/1/2011,5.95,6.12,5.55,5.70,5.70,130723400
JetBlue Airways,3/1/2011,5.66,6.45,5.44,6.27,6.27,128029000
JetBlue Airways,4/1/2011,6.32,6.36,5.35,5.66,5.66,109999400
JetBlue Airways,5/1/2011,5.73,6.38,5.62,6.07,6.07,111790000
JetBlue Airways,6/1/2011,6.09,6.29,5.45,6.10,6.10,86460200
JetBlue Airways,7/1/2011,6.15,6.26,4.55,4.79,4.79,124918100
JetBlue Airways,8/1/2011,4.99,4.99,3.86,4.35,4.35,139548800
JetBlue Airways,9/1/2011,4.35,4.59,3.90,4.09,4.09,82484900
JetBlue Airways,10/1/2011,4.10,4.74,3.49,4.48,4.48,93233500
JetBlue Airways,11/1/2011,4.32,4.47,3.40,4.12,4.12,114476500
JetBlue Airways,12/1/2011,4.08,5.65,4.07,5.20,5.20,131812900
JetBlue Airways,1/1/2012,5.33,5.97,5.04,5.92,5.92,134278700
JetBlue Airways,2/1/2012,5.97,6.32,4.76,5.10,5.10,118182200
JetBlue Airways,3/1/2012,5.16,5.39,4.73,4.89,4.89,140128300
JetBlue Airways,4/1/2012,4.92,4.95,4.60,4.75,4.75,89595100
JetBlue Airways,5/1/2012,4.72,5.24,4.06,5.23,5.23,110183200
JetBlue Airways,6/1/2012,5.07,5.44,4.86,5.30,5.30,122181900
JetBlue Airways,7/1/2012,5.35,5.94,5.12,5.51,5.51,101911300
JetBlue Airways,8/1/2012,5.43,5.43,4.85,4.90,4.90,81405100
JetBlue Airways,9/1/2012,4.92,5.18,4.76,4.80,4.80,75024000
JetBlue Airways,10/1/2012,4.83,5.36,4.77,5.29,5.29,66216200
JetBlue Airways,11/1/2012,5.27,5.48,4.80,5.14,5.14,65092000
JetBlue Airways,12/1/2012,5.14,5.99,5.04,5.72,5.72,67996900
JetBlue Airways,1/1/2013,5.89,6.42,5.73,5.81,5.81,101225700
JetBlue Airways,2/1/2013,5.80,6.21,5.70,6.05,6.05,57425500
JetBlue Airways,3/1/2013,6.05,7.01,6.00,6.90,6.90,73378500
JetBlue Airways,4/1/2013,6.89,7.28,6.14,6.89,6.89,106937800
JetBlue Airways,5/1/2013,6.85,7.00,6.12,6.21,6.21,88208500
JetBlue Airways,6/1/2013,6.22,6.63,5.95,6.29,6.29,73367300
JetBlue Airways,7/1/2013,6.30,6.93,6.13,6.54,6.54,68028500
JetBlue Airways,8/1/2013,6.59,6.67,6.08,6.15,6.15,63296100
JetBlue Airways,9/1/2013,6.22,6.89,6.04,6.67,6.67,72922400
JetBlue Airways,10/1/2013,6.66,7.69,6.57,7.09,7.09,125960000
JetBlue Airways,11/1/2013,7.07,9.20,7.05,8.89,8.89,155128100
JetBlue Airways,12/1/2013,8.89,8.95,8.24,8.54,8.54,100063100
JetBlue Airways,1/1/2014,8.56,9.45,8.45,8.76,8.76,159193100
JetBlue Airways,2/1/2014,8.79,9.15,8.29,8.83,8.83,97947600
JetBlue Airways,3/1/2014,8.70,9.21,8.20,8.69,8.69,142516000
JetBlue Airways,4/1/2014,8.70,9.20,7.61,7.91,7.91,175977300
JetBlue Airways,5/1/2014,8.15,9.74,7.96,9.66,9.66,148503400
JetBlue Airways,6/1/2014,9.71,11.12,9.54,10.85,10.85,201619700
JetBlue Airways,7/1/2014,10.84,11.59,10.17,10.72,10.72,156884100
JetBlue Airways,8/1/2014,10.74,12.83,10.50,12.23,12.23,171612600
JetBlue Airways,9/1/2014,12.23,12.76,10.21,10.62,10.62,156815800
JetBlue Airways,10/1/2014,10.37,11.73,9.38,11.54,11.54,229525900
JetBlue Airways,11/1/2014,11.50,14.94,11.46,14.63,14.63,175289500
JetBlue Airways,12/1/2014,14.97,16.21,14.31,15.86,15.86,195592600
JetBlue Airways,1/1/2015,16.13,17.36,14.13,16.79,16.79,176976200
JetBlue Airways,2/1/2015,16.64,18.20,16.01,17.19,17.19,136081900
JetBlue Airways,3/1/2015,17.25,19.60,16.64,19.25,19.25,141442700
JetBlue Airways,4/1/2015,19.10,21.28,18.34,20.53,20.53,190091200
JetBlue Airways,5/1/2015,20.83,22.40,19.31,20.16,20.16,206747900
JetBlue Airways,6/1/2015,20.32,21.60,18.33,20.76,20.76,211483500
JetBlue Airways,7/1/2015,21.16,24.19,19.53,22.98,22.98,181369300
JetBlue Airways,8/1/2015,23.07,24.64,16.26,22.32,22.32,155293600
JetBlue Airways,9/1/2015,21.75,27.36,21.59,25.77,25.77,172552900
JetBlue Airways,10/1/2015,25.65,27.09,23.63,24.84,24.84,178793300
JetBlue Airways,11/1/2015,24.99,26.88,24.53,24.74,24.74,112643300
JetBlue Airways,12/1/2015,24.79,27.00,22.50,22.65,22.65,134280600
JetBlue Airways,1/1/2016,22.04,22.14,19.43,21.31,21.31,159313000
JetBlue Airways,2/1/2016,20.94,23.67,18.51,22.00,22.00,144247400
JetBlue Airways,3/1/2016,22.10,22.67,19.49,21.12,21.12,145859200
JetBlue Airways,4/1/2016,21.00,21.54,18.88,19.79,19.79,147379600
JetBlue Airways,5/1/2016,19.85,20.00,17.61,17.93,17.93,121653600
JetBlue Airways,6/1/2016,17.81,18.77,14.76,16.56,16.56,135196000
JetBlue Airways,7/1/2016,16.46,18.94,15.98,18.33,18.33,133193400
JetBlue Airways,8/1/2016,18.42,18.50,15.72,15.95,15.95,111051600
JetBlue Airways,9/1/2016,15.99,17.91,15.70,17.24,17.24,142635300
JetBlue Airways,10/1/2016,17.17,19.32,17.10,17.48,17.48,132023000
JetBlue Airways,11/1/2016,17.43,21.25,16.85,20.09,20.09,120498100
JetBlue Airways,12/1/2016,19.98,23.12,19.91,22.42,22.42,127481500
JetBlue Airways,1/1/2017,22.66,23.15,18.94,19.61,19.61,157659400
JetBlue Airways,2/1/2017,19.65,20.32,18.71,19.96,19.96,117067000
JetBlue Airways,3/1/2017,20.18,21.04,19.05,20.61,20.61,153928300
JetBlue Airways,4/1/2017,20.65,22.74,20.31,21.83,21.83,116501000
JetBlue Airways,5/1/2017,21.76,23.12,20.70,22.42,22.42,107353500
JetBlue Airways,6/1/2017,22.50,23.37,22.20,22.83,22.83,85919600
JetBlue Airways,7/1/2017,22.87,24.13,21.42,21.93,21.93,104219000
JetBlue Airways,8/1/2017,22.03,22.62,19.17,19.81,19.81,93572500
JetBlue Airways,9/1/2017,19.89,19.95,18.05,18.53,18.53,154524500
JetBlue Airways,10/1/2017,18.56,20.79,18.37,19.15,19.15,159476500
JetBlue Airways,11/1/2017,18.90,21.59,18.73,21.47,21.47,101561200
JetBlue Airways,12/1/2017,21.38,22.74,20.84,22.34,22.34,92906400
JetBlue Airways,1/1/2018,22.37,23.08,20.11,20.86,20.86,113361200
JetBlue Airways,2/1/2018,20.87,22.06,19.23,21.05,21.05,85472800
JetBlue Airways,3/1/2018,21.05,22.80,19.80,20.32,20.32,94806700
JetBlue Airways,4/1/2018,20.32,20.82,18.57,19.19,19.19,117398800
JetBlue Airways,5/1/2018,19.16,19.93,18.53,18.89,18.89,99732100
JetBlue Airways,6/1/2018,19.06,19.48,18.56,18.98,18.98,96060400
JetBlue Airways,7/1/2018,18.85,20.11,17.10,18.00,18.00,118252500
JetBlue Airways,8/1/2018,17.97,19.46,17.37,19.08,19.08,104610200
JetBlue Airways,9/1/2018,19.12,20.14,18.75,19.36,19.36,76582000
JetBlue Airways,10/1/2018,19.41,19.49,15.76,16.73,16.73,128251000
JetBlue Airways,11/1/2018,16.75,19.58,16.70,19.52,19.52,91027700
JetBlue Airways,12/1/2018,19.52,19.72,15.19,16.06,16.06,102689300
JetBlue Airways,1/1/2019,15.80,18.50,15.29,17.99,17.99,100555700
JetBlue Airways,2/1/2019,17.98,18.36,16.66,16.70,16.70,72696600
JetBlue Airways,3/1/2019,16.75,17.09,15.60,16.36,16.36,113299600
JetBlue Airways,4/1/2019,16.49,18.68,16.30,18.55,18.55,120553500
JetBlue Airways,5/1/2019,18.56,18.92,16.95,17.23,17.23,83031000
JetBlue Airways,6/1/2019,17.15,19.68,17.12,18.49,18.49,86126700
JetBlue Airways,7/1/2019,18.69,19.83,18.48,19.23,19.23,88568100
JetBlue Airways,8/1/2019,19.33,19.76,16.53,17.32,17.32,84388300
JetBlue Airways,9/1/2019,17.22,17.53,16.25,16.75,16.75,103271000
JetBlue Airways,10/1/2019,16.79,19.60,15.87,19.30,19.30,132277000
JetBlue Airways,11/1/2019,19.35,19.93,18.60,19.27,19.27,66861000
JetBlue Airways,12/1/2019,19.26,19.49,18.40,18.72,18.72,87899200
JetBlue Airways,1/1/2020,18.90,21.19,18.10,19.83,19.83,137336800
JetBlue Airways,2/1/2020,19.98,21.65,15.42,15.78,15.78,106852200
JetBlue Airways,3/1/2020,15.82,16.11,6.61,8.95,8.95,370571300
JetBlue Airways,4/1/2020,8.30,10.38,7.22,9.74,9.74,307581500
JetBlue Airways,5/1/2020,9.16,11.80,7.34,10.07,10.07,339556300
JetBlue Airways,6/1/2020,10.14,15.62,9.89,10.90,10.90,497274400
JetBlue Airways,7/1/2020,11.32,11.56,9.72,10.34,10.34,258171400
JetBlue Airways,8/1/2020,10.24,12.34,9.81,11.52,11.52,194555100
JetBlue Airways,9/1/2020,11.34,13.28,10.93,11.33,11.33,175491000
JetBlue Airways,10/1/2020,11.51,13.54,10.95,11.97,11.97,209770800
JetBlue Airways,11/1/2020,11.97,16.15,11.68,15.09,15.09,177578200
JetBlue Airways,12/1/2020,15.46,16.35,13.86,14.54,14.54,247412300
JetBlue Airways,1/1/2021,14.65,16.03,13.94,14.34,14.34,165621100
JetBlue Airways,2/1/2021,14.42,19.88,14.05,18.43,18.43,178656200
JetBlue Airways,3/1/2021,19.06,21.73,17.00,20.34,20.34,230495800
JetBlue Airways,4/1/2021,20.32,21.96,18.77,20.36,20.36,155219300
JetBlue Airways,5/1/2021,20.36,20.89,18.32,20.10,20.10,115476800
JetBlue Airways,6/1/2021,20.27,20.59,16.62,16.78,16.78,157343600
JetBlue Airways,7/1/2021,16.92,17.36,13.93,14.79,14.79,180683100
JetBlue Airways,8/1/2021,14.86,15.86,13.96,15.13,15.13,145939400
JetBlue Airways,9/1/2021,15.21,16.56,14.48,15.29,15.29,144702700
JetBlue Airways,10/1/2021,15.72,16.65,13.97,14.03,14.03,151798600
JetBlue Airways,11/1/2021,14.03,16.48,12.95,13.42,13.42,158866100
JetBlue Airways,12/1/2021,13.80,14.94,12.86,14.24,14.24,164620900
JetBlue Airways,1/1/2022,14.32,15.52,12.95,14.63,14.63,167781400
JetBlue Airways,2/1/2022,14.68,16.39,13.96,15.27,15.27,143119900
JetBlue Airways,3/1/2022,15.09,15.26,11.37,14.95,14.95,208454600
JetBlue Airways,4/1/2022,15.02,15.19,10.88,11.01,11.01,298706500
JetBlue Airways,5/1/2022,11.00,11.48,9.22,10.74,10.74,218131500
JetBlue Airways,6/1/2022,10.81,10.93,7.99,8.37,8.37,219052500
JetBlue Airways,7/1/2022,8.43,8.94,7.87,8.42,8.42,203174800
JetBlue Airways,8/1/2022,8.45,9.35,7.79,7.79,7.79,249644600
JetBlue Airways,9/1/2022,7.75,8.54,6.52,6.63,6.63,270637100
JetBlue Airways,10/1/2022,6.67,8.05,6.21,8.04,8.04,267632400
JetBlue Airways,11/1/2022,8.17,8.35,7.32,7.96,7.96,189702600
JetBlue Airways,12/1/2022,7.92,8.07,6.18,6.48,6.48,207842000
JetBlue Airways,1/1/2023,6.64,8.82,6.40,8.00,8.00,193969300
JetBlue Airways,2/1/2023,7.95,9.35,7.87,8.30,8.30,149683500
JetBlue Airways,3/1/2023,8.31,8.67,6.46,7.28,7.28,192285300
JetBlue Airways,4/1/2023,7.14,7.30,6.70,7.14,7.14,170484900
JetBlue Airways,5/1/2023,7.04,7.27,6.68,6.83,6.83,206197800
JetBlue Airways,6/1/2023,6.83,8.95,6.77,8.86,8.86,264687800
JetBlue Airways,7/1/2023,8.88,9.45,7.53,7.77,7.77,311139500
JetBlue Airways,8/1/2023,7.23,7.32,5.89,5.92,5.92,377452400
JetBlue Airways,9/1/2023,5.94,6.10,4.34,4.60,4.60,407646800
JetBlue Airways,10/1/2023,4.58,4.79,3.42,3.76,3.76,336717700
JetBlue Airways,11/1/2023,3.70,4.67,3.65,4.42,4.42,316452500
JetBlue Airways,12/1/2023,4.40,5.94,4.38,5.55,5.55,313853000
JetBlue Airways,1/1/2024,5.49,5.83,4.53,5.31,5.31,483234400
JetBlue Airways,2/1/2024,5.38,7.54,5.22,6.48,6.48,346698100
JetBlue Airways,3/1/2024,6.48,7.55,6.28,7.42,7.42,250652900
JetBlue Airways,4/1/2024,7.49,7.58,5.57,5.68,5.68,307220800
JetBlue Airways,5/1/2024,5.63,6.60,4.93,5.59,5.59,240398900
JetBlue Airways,6/1/2024,5.77,6.10,5.37,6.09,6.09,190630500
JetBlue Airways,7/1/2024,6.03,7.30,5.44,6.41,6.41,286364300
JetBlue Airways,8/1/2024,6.41,6.45,4.50,5.08,5.08,439574500
JetBlue Airways,9/1/2024,5.01,6.60,4.93,6.56,6.56,334077800
JetBlue Airways,10/1/2024,6.57,7.65,6.26,6.93,6.93,170325700
JetBlue Airways,10/15/2024,6.93,7.09,6.86,6.93,6.93,10275549
Southwest Airlines Co.,1/1/1985,0.97,1.12,0.95,1.11,0.92,76535889
Southwest Airlines Co.,2/1/1985,1.11,1.14,1.05,1.09,0.90,49975228
Southwest Airlines Co.,3/1/1985,1.09,1.14,1.03,1.08,0.89,44708204
Southwest Airlines Co.,4/1/1985,1.08,1.08,0.93,0.97,0.81,37737143
Southwest Airlines Co.,5/1/1985,0.97,1.10,0.97,1.09,0.90,67273034
Southwest Airlines Co.,6/1/1985,1.10,1.22,1.10,1.22,1.01,59896463
Southwest Airlines Co.,7/1/1985,1.22,1.36,1.18,1.25,1.04,70633267
Southwest Airlines Co.,8/1/1985,1.26,1.33,1.21,1.22,1.02,49166495
Southwest Airlines Co.,9/1/1985,1.22,1.22,1.01,1.02,0.84,54317337
Southwest Airlines Co.,10/1/1985,1.02,1.10,0.99,1.07,0.89,54114582
Southwest Airlines Co.,11/1/1985,1.07,1.26,1.07,1.26,1.04,80057870
Southwest Airlines Co.,12/1/1985,1.25,1.30,1.16,1.18,0.98,78178415
Southwest Airlines Co.,1/1/1986,1.17,1.21,1.00,1.05,0.88,150107935
Southwest Airlines Co.,2/1/1986,1.06,1.10,0.88,0.99,0.83,183523473
Southwest Airlines Co.,3/1/1986,0.99,1.03,0.89,0.94,0.79,88958503
Southwest Airlines Co.,4/1/1986,0.94,0.98,0.86,0.88,0.74,92364300
Southwest Airlines Co.,5/1/1986,0.88,0.99,0.80,0.95,0.80,106274531
Southwest Airlines Co.,6/1/1986,0.95,0.96,0.86,0.92,0.76,58648050
Southwest Airlines Co.,7/1/1986,0.92,0.93,0.83,0.88,0.73,62750956
Southwest Airlines Co.,8/1/1986,0.88,1.01,0.85,0.97,0.81,87001597
Southwest Airlines Co.,9/1/1986,0.97,1.05,0.90,1.03,0.86,94542188
Southwest Airlines Co.,10/1/1986,1.03,1.15,1.02,1.03,0.86,118469337
Southwest Airlines Co.,11/1/1986,1.03,1.05,0.97,0.99,0.83,45207115
Southwest Airlines Co.,12/1/1986,0.99,1.03,0.87,0.91,0.76,73952496
Southwest Airlines Co.,1/1/1987,0.91,1.09,0.91,0.99,0.83,81864419
Southwest Airlines Co.,2/1/1987,0.99,1.11,0.98,1.06,0.89,81700396
Southwest Airlines Co.,3/1/1987,1.07,1.10,0.90,0.93,0.78,150893890
Southwest Airlines Co.,4/1/1987,0.93,1.02,0.79,0.83,0.70,113211423
Southwest Airlines Co.,5/1/1987,0.83,0.89,0.81,0.86,0.72,58616157
Southwest Airlines Co.,6/1/1987,0.86,0.95,0.82,0.89,0.75,72196061
Southwest Airlines Co.,7/1/1987,0.88,1.01,0.85,0.97,0.81,69213993
Southwest Airlines Co.,8/1/1987,0.94,1.02,0.91,0.92,0.77,59686876
Southwest Airlines Co.,9/1/1987,0.92,0.93,0.86,0.87,0.73,55331106
Southwest Airlines Co.,10/1/1987,0.88,0.93,0.58,0.68,0.57,68168336
Southwest Airlines Co.,11/1/1987,0.67,0.67,0.55,0.61,0.52,39580144
Southwest Airlines Co.,12/1/1987,0.61,0.66,0.52,0.59,0.49,66913087
Southwest Airlines Co.,1/1/1988,0.61,0.67,0.58,0.66,0.55,53788811
Southwest Airlines Co.,2/1/1988,0.66,0.76,0.63,0.75,0.63,58509085
Southwest Airlines Co.,3/1/1988,0.75,0.80,0.72,0.75,0.63,74483298
Southwest Airlines Co.,4/1/1988,0.75,0.76,0.69,0.69,0.58,25863553
Southwest Airlines Co.,5/1/1988,0.70,0.76,0.68,0.75,0.63,48287140
Southwest Airlines Co.,6/1/1988,0.75,0.84,0.73,0.83,0.70,121328382
Southwest Airlines Co.,7/1/1988,0.84,0.84,0.78,0.81,0.69,37331638
Southwest Airlines Co.,8/1/1988,0.81,0.82,0.67,0.69,0.58,33372255
Southwest Airlines Co.,9/1/1988,0.69,0.77,0.69,0.75,0.63,45553391
Southwest Airlines Co.,10/1/1988,0.74,0.88,0.74,0.85,0.72,90074785
Southwest Airlines Co.,11/1/1988,0.84,0.88,0.77,0.84,0.71,59837230
Southwest Airlines Co.,12/1/1988,0.84,0.92,0.81,0.89,0.75,75342151
Southwest Airlines Co.,1/1/1989,0.88,1.05,0.86,1.04,0.89,113425569
Southwest Airlines Co.,2/1/1989,1.04,1.09,0.98,1.03,0.88,100547323
Southwest Airlines Co.,3/1/1989,1.03,1.14,1.03,1.14,0.96,83821332
Southwest Airlines Co.,4/1/1989,1.13,1.26,1.13,1.22,1.04,65862875
Southwest Airlines Co.,5/1/1989,1.22,1.26,1.10,1.13,0.96,51572194
Southwest Airlines Co.,6/1/1989,1.12,1.22,1.08,1.20,1.02,59258589
Southwest Airlines Co.,7/1/1989,1.19,1.32,1.19,1.24,1.06,49159661
Southwest Airlines Co.,8/1/1989,1.23,1.35,1.12,1.27,1.08,165357704
Southwest Airlines Co.,9/1/1989,1.28,1.31,1.14,1.17,1.00,61949054
Southwest Airlines Co.,10/1/1989,1.17,1.26,0.95,1.00,0.86,102709268
Southwest Airlines Co.,11/1/1989,1.00,1.01,0.95,0.99,0.85,45564778
Southwest Airlines Co.,12/1/1989,1.00,1.14,0.99,1.05,0.90,58864474
Southwest Airlines Co.,1/1/1990,1.05,1.07,0.88,0.90,0.77,84384027
Southwest Airlines Co.,2/1/1990,0.90,1.00,0.89,0.98,0.83,30618001
Southwest Airlines Co.,3/1/1990,0.98,1.06,0.98,1.04,0.89,50045850
Southwest Airlines Co.,4/1/1990,1.04,1.11,1.03,1.05,0.90,44462168
Southwest Airlines Co.,5/1/1990,1.05,1.19,1.05,1.13,0.97,61684789
Southwest Airlines Co.,6/1/1990,1.14,1.17,1.08,1.13,0.97,71070666
Southwest Airlines Co.,7/1/1990,1.13,1.25,1.13,1.23,1.05,64705587
Southwest Airlines Co.,8/1/1990,1.22,1.23,0.99,1.09,0.94,87322051
Southwest Airlines Co.,9/1/1990,1.09,1.13,0.84,0.91,0.78,40603785
Southwest Airlines Co.,10/1/1990,0.91,1.19,0.87,1.10,0.95,45384810
Southwest Airlines Co.,11/1/1990,1.10,1.17,1.05,1.15,0.99,30885306
Southwest Airlines Co.,12/1/1990,1.19,1.32,1.12,1.15,0.99,30215533
Southwest Airlines Co.,1/1/1991,1.14,1.58,1.08,1.56,1.34,75079410
Southwest Airlines Co.,2/1/1991,1.53,1.78,1.49,1.75,1.51,72947084
Southwest Airlines Co.,3/1/1991,1.74,1.87,1.66,1.84,1.58,45377212
Southwest Airlines Co.,4/1/1991,1.85,1.96,1.51,1.55,1.33,73692791
Southwest Airlines Co.,5/1/1991,1.57,1.73,1.44,1.69,1.45,62326464
Southwest Airlines Co.,6/1/1991,1.68,1.80,1.57,1.71,1.47,51096828
Southwest Airlines Co.,7/1/1991,1.72,1.80,1.62,1.78,1.53,40713133
Southwest Airlines Co.,8/1/1991,1.78,1.78,1.56,1.60,1.38,52834278
Southwest Airlines Co.,9/1/1991,1.60,1.65,1.46,1.60,1.38,58973065
Southwest Airlines Co.,10/1/1991,1.60,1.89,1.60,1.86,1.60,47211865
Southwest Airlines Co.,11/1/1991,1.85,1.99,1.70,1.90,1.64,50998109
Southwest Airlines Co.,12/1/1991,1.88,2.30,1.86,2.25,1.94,69262597
Southwest Airlines Co.,1/1/1992,2.21,2.54,2.13,2.16,1.86,69361315
Southwest Airlines Co.,2/1/1992,2.16,2.69,2.13,2.59,2.24,95594686
Southwest Airlines Co.,3/1/1992,2.60,2.73,2.39,2.48,2.14,49942574
Southwest Airlines Co.,4/1/1992,2.48,2.67,2.30,2.60,2.24,50468064
Southwest Airlines Co.,5/1/1992,2.63,2.96,2.51,2.84,2.45,80129253
Southwest Airlines Co.,6/1/1992,2.82,3.10,2.70,2.82,2.44,55569546
Southwest Airlines Co.,7/1/1992,2.80,3.03,2.63,2.93,2.53,43531173
Southwest Airlines Co.,8/1/1992,2.91,3.01,2.75,2.80,2.42,26798346
Southwest Airlines Co.,9/1/1992,2.81,3.29,2.81,3.09,2.67,34245536
Southwest Airlines Co.,10/1/1992,3.13,3.42,2.91,3.33,2.87,29406037
Southwest Airlines Co.,11/1/1992,3.33,3.57,3.23,3.52,3.04,27272195
Southwest Airlines Co.,12/1/1992,3.54,3.93,3.41,3.88,3.36,32888531
Southwest Airlines Co.,1/1/1993,3.88,4.00,3.59,3.90,3.37,38290725
Southwest Airlines Co.,2/1/1993,3.95,4.74,3.93,4.48,3.87,56268169
Southwest Airlines Co.,3/1/1993,4.54,4.97,4.48,4.97,4.30,31953741
Southwest Airlines Co.,4/1/1993,4.94,5.66,4.38,4.86,4.20,82346627
Southwest Airlines Co.,5/1/1993,4.84,5.53,4.74,5.43,4.70,43224386
Southwest Airlines Co.,6/1/1993,5.45,5.93,5.27,5.74,4.97,48082867
Southwest Airlines Co.,7/1/1993,5.78,6.59,5.51,6.52,5.64,45732094
Southwest Airlines Co.,8/1/1993,6.52,7.43,6.47,6.96,6.02,42526017
Southwest Airlines Co.,9/1/1993,6.96,7.04,6.17,6.84,5.92,41791447
Southwest Airlines Co.,10/1/1993,6.81,7.09,5.88,6.15,5.32,73394607
Southwest Airlines Co.,11/1/1993,6.12,7.09,6.05,6.86,5.94,69595203
Southwest Airlines Co.,12/1/1993,6.89,7.43,6.49,7.38,6.39,51613712
Southwest Airlines Co.,1/1/1994,7.36,7.48,7.01,7.36,6.37,31963616
Southwest Airlines Co.,2/1/1994,7.33,7.70,6.62,6.74,5.83,47934283
Southwest Airlines Co.,3/1/1994,6.81,7.11,6.17,6.47,5.60,49911697
Southwest Airlines Co.,4/1/1994,6.32,6.79,5.83,6.17,5.34,53039815
Southwest Airlines Co.,5/1/1994,6.20,6.25,4.77,5.51,4.77,132118092
Southwest Airlines Co.,6/1/1994,5.56,5.60,5.01,5.19,4.49,69523821
Southwest Airlines Co.,7/1/1994,5.16,5.85,5.06,5.36,4.64,99312585
Southwest Airlines Co.,8/1/1994,5.33,5.58,5.06,5.23,4.53,42252135
Southwest Airlines Co.,9/1/1994,5.26,5.33,4.27,4.44,3.85,115370834
Southwest Airlines Co.,10/1/1994,4.47,4.69,4.10,4.67,4.04,105186094
Southwest Airlines Co.,11/1/1994,4.64,4.67,3.98,4.17,3.62,70279651
Southwest Airlines Co.,12/1/1994,4.20,4.20,3.06,3.31,2.87,155547846
Southwest Airlines Co.,1/1/1995,3.36,3.95,3.33,3.83,3.32,103201597
Southwest Airlines Co.,2/1/1995,3.80,3.83,3.33,3.48,3.02,84677909
Southwest Airlines Co.,3/1/1995,3.48,3.60,3.23,3.53,3.06,59528929
Southwest Airlines Co.,4/1/1995,3.53,4.64,3.48,4.57,3.96,83655788
Southwest Airlines Co.,5/1/1995,4.54,4.57,4.07,4.37,3.79,81958839
Southwest Airlines Co.,6/1/1995,4.35,5.09,4.22,4.72,4.09,84709296
Southwest Airlines Co.,7/1/1995,4.69,5.90,4.67,5.68,4.93,102589537
Southwest Airlines Co.,8/1/1995,5.65,5.73,4.99,5.11,4.43,81113401
Southwest Airlines Co.,9/1/1995,5.09,5.46,4.74,4.96,4.31,61133234
Southwest Airlines Co.,10/1/1995,4.99,5.01,3.90,3.95,3.43,79733871
Southwest Airlines Co.,11/1/1995,3.95,5.09,3.95,4.94,4.29,53393684
Southwest Airlines Co.,12/1/1995,4.96,5.16,4.37,4.54,3.94,51847090
Southwest Airlines Co.,1/1/1996,4.54,5.19,4.37,5.19,4.50,82452435
Southwest Airlines Co.,2/1/1996,5.19,6.30,5.01,6.07,5.27,108465580
Southwest Airlines Co.,3/1/1996,6.10,6.52,5.63,5.88,5.10,68072402
Southwest Airlines Co.,4/1/1996,5.83,6.57,5.63,5.88,5.10,86057441
Southwest Airlines Co.,5/1/1996,5.88,6.05,5.09,5.41,4.70,89546514
Southwest Airlines Co.,6/1/1996,5.43,5.90,5.31,5.75,5.00,74166134
Southwest Airlines Co.,7/1/1996,5.73,5.73,4.42,4.89,4.25,73640140
Southwest Airlines Co.,8/1/1996,4.91,5.14,4.42,4.49,3.91,64344884
Southwest Airlines Co.,9/1/1996,4.44,4.64,4.22,4.52,3.93,85789634
Southwest Airlines Co.,10/1/1996,4.52,4.62,4.07,4.44,3.86,116943247
Southwest Airlines Co.,11/1/1996,4.47,5.14,4.47,4.91,4.27,81857084
Southwest Airlines Co.,12/1/1996,4.89,5.06,4.32,4.35,3.78,76650301
Southwest Airlines Co.,1/1/1997,4.42,4.59,4.20,4.35,3.78,77127697
Southwest Airlines Co.,2/1/1997,4.35,4.94,4.27,4.64,4.04,58838404
Southwest Airlines Co.,3/1/1997,4.62,4.81,4.37,4.37,3.80,43898458
Southwest Airlines Co.,4/1/1997,4.40,5.53,4.25,5.43,4.73,89078233
Southwest Airlines Co.,5/1/1997,5.43,5.51,5.04,5.09,4.43,73592044
Southwest Airlines Co.,6/1/1997,5.09,5.30,4.94,5.11,4.45,62810441
Southwest Airlines Co.,7/1/1997,5.33,5.85,5.14,5.73,4.99,80860783
Southwest Airlines Co.,8/1/1997,5.73,5.93,5.43,5.53,4.81,56097566
Southwest Airlines Co.,9/1/1997,5.56,6.56,5.54,6.32,5.50,99627473
Southwest Airlines Co.,10/1/1997,6.42,7.21,5.58,6.44,5.61,103263360
Southwest Airlines Co.,11/1/1997,6.47,7.38,6.47,7.24,6.31,55892365
Southwest Airlines Co.,12/1/1997,7.24,7.78,6.67,7.30,6.35,62988646
Southwest Airlines Co.,1/1/1998,7.37,8.41,6.81,7.72,6.73,71378894
Southwest Airlines Co.,2/1/1998,8.28,9.33,7.93,8.50,7.41,90661618
Southwest Airlines Co.,3/1/1998,8.52,9.52,7.56,8.76,7.63,81041180
Southwest Airlines Co.,4/1/1998,8.89,9.20,7.63,8.13,7.09,70558431
Southwest Airlines Co.,5/1/1998,8.22,8.30,7.48,7.91,6.89,64192505
Southwest Airlines Co.,6/1/1998,7.93,8.93,7.67,8.76,7.63,56029394
Southwest Airlines Co.,7/1/1998,8.80,9.94,8.52,9.76,8.51,71508494
Southwest Airlines Co.,8/1/1998,9.69,9.83,7.64,7.92,6.90,67873390
Southwest Airlines Co.,9/1/1998,8.11,10.39,7.69,9.00,7.85,54388575
Southwest Airlines Co.,10/1/1998,8.72,9.69,6.81,9.39,8.19,67499325
Southwest Airlines Co.,11/1/1998,9.56,10.56,9.19,9.64,8.41,67219425
Southwest Airlines Co.,12/1/1998,9.36,10.42,9.03,10.08,8.79,55121850
Southwest Airlines Co.,1/1/1999,9.97,14.22,9.94,11.97,10.45,83969775
Southwest Airlines Co.,2/1/1999,11.97,14.00,11.58,13.39,11.68,57585600
Southwest Airlines Co.,3/1/1999,13.33,15.28,12.92,13.44,11.73,81589275
Southwest Airlines Co.,4/1/1999,13.64,15.72,13.36,14.47,12.63,76210875
Southwest Airlines Co.,5/1/1999,14.36,15.36,13.03,14.25,12.44,72853425
Southwest Airlines Co.,6/1/1999,14.28,14.92,13.56,13.83,12.07,47866725
Southwest Airlines Co.,7/1/1999,14.00,14.86,11.96,12.33,10.77,70576650
Southwest Airlines Co.,8/1/1999,12.63,12.88,10.58,11.13,9.71,76470750
Southwest Airlines Co.,9/1/1999,11.17,11.42,9.58,10.13,8.84,94720050
Southwest Airlines Co.,10/1/1999,10.13,12.54,10.00,11.21,9.79,66777600
Southwest Airlines Co.,11/1/1999,11.08,11.79,10.75,10.88,9.50,51064350
Southwest Airlines Co.,12/1/1999,10.88,11.46,10.21,10.75,9.39,64364100
Southwest Airlines Co.,1/1/2000,10.79,11.33,10.00,10.63,9.28,67578000
Southwest Airlines Co.,2/1/2000,10.58,12.29,10.08,12.29,10.74,83106300
Southwest Airlines Co.,3/1/2000,12.17,13.92,10.63,13.88,12.12,64569150
Southwest Airlines Co.,4/1/2000,13.75,14.96,12.67,14.46,12.63,54729600
Southwest Airlines Co.,5/1/2000,14.46,15.17,12.71,12.79,11.18,41172150
Southwest Airlines Co.,6/1/2000,12.79,14.13,12.38,12.63,11.04,37833150
Southwest Airlines Co.,7/1/2000,12.83,15.83,12.75,15.75,13.77,62228700
Southwest Airlines Co.,8/1/2000,15.63,16.67,14.75,15.09,13.19,50087400
Southwest Airlines Co.,9/1/2000,15.00,16.33,14.42,16.17,14.13,47660100
Southwest Airlines Co.,10/1/2000,16.17,19.21,15.75,19.00,16.61,59991300
Southwest Airlines Co.,11/1/2000,19.00,21.83,18.71,21.04,18.40,55213500
Southwest Airlines Co.,12/1/2000,20.88,23.33,19.23,22.35,19.54,65260650
Southwest Airlines Co.,1/1/2001,22.17,23.32,18.79,20.89,18.27,91721100
Southwest Airlines Co.,2/1/2001,21.40,21.63,18.50,18.60,16.27,50327950
Southwest Airlines Co.,3/1/2001,18.59,19.12,16.00,17.75,15.53,69165300
Southwest Airlines Co.,4/1/2001,18.00,19.61,17.10,18.21,15.93,45028000
Southwest Airlines Co.,5/1/2001,18.11,20.03,17.76,20.00,17.49,50248400
Southwest Airlines Co.,6/1/2001,19.52,19.53,16.55,18.49,16.17,57152300
Southwest Airlines Co.,7/1/2001,18.55,20.21,18.09,20.01,17.51,37858200
Southwest Airlines Co.,8/1/2001,19.90,20.23,17.52,17.89,15.65,32703700
Southwest Airlines Co.,9/1/2001,17.89,18.81,11.25,14.84,12.99,129815700
Southwest Airlines Co.,10/1/2001,14.90,16.60,14.52,15.90,13.91,79858300
Southwest Airlines Co.,11/1/2001,15.90,18.97,15.55,18.75,16.41,65628900
Southwest Airlines Co.,12/1/2001,18.70,20.00,18.19,18.48,16.17,46213500
Southwest Airlines Co.,1/1/2002,18.25,19.24,17.17,18.94,16.58,53487800
Southwest Airlines Co.,2/1/2002,18.60,22.00,18.27,21.11,18.48,55260300
Southwest Airlines Co.,3/1/2002,21.05,21.41,18.25,19.35,16.94,57652900
Southwest Airlines Co.,4/1/2002,18.85,19.35,17.82,18.21,15.94,55508600
Southwest Airlines Co.,5/1/2002,18.14,18.69,16.44,17.03,14.91,53102800
Southwest Airlines Co.,6/1/2002,17.10,17.48,14.85,16.16,14.15,55229800
Southwest Airlines Co.,7/1/2002,16.06,16.08,10.90,13.81,12.09,85961300
Southwest Airlines Co.,8/1/2002,13.63,15.30,11.11,14.21,12.45,87066200
Southwest Airlines Co.,9/1/2002,13.97,14.50,12.29,13.06,11.44,52986300
Southwest Airlines Co.,10/1/2002,13.09,15.85,11.23,14.60,12.79,71118400
Southwest Airlines Co.,11/1/2002,14.05,16.70,14.03,16.70,14.63,45378900
Southwest Airlines Co.,12/1/2002,16.50,16.63,13.63,13.90,12.18,45347400
Southwest Airlines Co.,1/1/2003,14.10,14.56,12.25,13.05,11.44,44635300
Southwest Airlines Co.,2/1/2003,13.05,13.20,11.72,12.07,10.58,39898100
Southwest Airlines Co.,3/1/2003,12.16,15.33,12.16,14.36,12.58,60262100
Southwest Airlines Co.,4/1/2003,14.37,16.11,14.09,15.96,13.99,47788300
Southwest Airlines Co.,5/1/2003,15.91,16.90,14.96,16.07,14.09,49200900
Southwest Airlines Co.,6/1/2003,16.20,17.70,16.01,17.20,15.08,54648500
Southwest Airlines Co.,7/1/2003,17.10,18.25,16.20,16.41,14.39,56945000
Southwest Airlines Co.,8/1/2003,16.30,17.50,15.86,17.09,14.99,43256100
Southwest Airlines Co.,9/1/2003,16.77,18.99,16.77,17.70,15.53,62776500
Southwest Airlines Co.,10/1/2003,17.70,19.69,17.65,19.40,17.02,59090300
Southwest Airlines Co.,11/1/2003,19.25,19.38,16.66,17.98,15.77,42935700
Southwest Airlines Co.,12/1/2003,18.12,18.57,15.30,16.14,14.16,77404700
Southwest Airlines Co.,1/1/2004,16.22,16.60,14.80,14.95,13.12,103678200
Southwest Airlines Co.,2/1/2004,14.95,15.04,13.81,13.81,12.12,70150400
Southwest Airlines Co.,3/1/2004,14.00,14.53,12.88,14.21,12.47,132823600
Southwest Airlines Co.,4/1/2004,14.25,15.30,14.15,14.28,12.54,80531500
Southwest Airlines Co.,5/1/2004,14.25,15.95,13.56,15.51,13.61,65944900
Southwest Airlines Co.,6/1/2004,15.40,17.06,15.00,16.77,14.72,70585200
Southwest Airlines Co.,7/1/2004,16.63,16.85,13.74,14.47,12.71,65616100
Southwest Airlines Co.,8/1/2004,14.26,15.46,13.18,14.82,13.01,70588600
Southwest Airlines Co.,9/1/2004,14.75,15.00,13.19,13.62,11.96,66866600
Southwest Airlines Co.,10/1/2004,13.62,15.82,13.45,15.77,13.85,74469400
Southwest Airlines Co.,11/1/2004,15.59,16.26,15.11,15.73,13.82,61608900
Southwest Airlines Co.,12/1/2004,15.76,16.75,15.41,16.28,14.30,63146500
Southwest Airlines Co.,1/1/2005,16.34,16.45,13.60,14.48,12.72,80178000
Southwest Airlines Co.,2/1/2005,14.48,15.00,13.71,13.85,12.17,58002700
Southwest Airlines Co.,3/1/2005,13.84,14.83,13.84,14.24,12.51,90121200
Southwest Airlines Co.,4/1/2005,14.24,15.40,13.85,14.88,13.08,97312600
Southwest Airlines Co.,5/1/2005,14.88,15.50,14.36,14.55,12.79,87126800
Southwest Airlines Co.,6/1/2005,14.55,14.92,13.56,13.93,12.24,72801600
Southwest Airlines Co.,7/1/2005,13.92,14.75,13.32,14.19,12.48,70396700
Southwest Airlines Co.,8/1/2005,14.21,14.40,13.06,13.32,11.71,63509400
Southwest Airlines Co.,9/1/2005,13.32,14.85,13.05,14.85,13.06,101185400
Southwest Airlines Co.,10/1/2005,14.78,16.09,14.54,16.01,14.08,98204600
Southwest Airlines Co.,11/1/2005,16.00,16.75,15.89,16.50,14.51,70744500
Southwest Airlines Co.,12/1/2005,16.50,16.95,16.09,16.43,14.45,59028400
Southwest Airlines Co.,1/1/2006,16.37,17.26,15.51,16.46,14.48,83020300
Southwest Airlines Co.,2/1/2006,16.34,16.93,16.03,16.77,14.76,65582700
Southwest Airlines Co.,3/1/2006,16.70,18.10,16.69,17.99,15.83,83782400
Southwest Airlines Co.,4/1/2006,17.99,18.20,15.90,16.22,14.28,88123800
Southwest Airlines Co.,5/1/2006,16.26,16.92,15.28,16.10,14.17,67471800
Southwest Airlines Co.,6/1/2006,16.14,16.56,15.10,16.37,14.41,69504000
Southwest Airlines Co.,7/1/2006,16.41,18.20,15.66,17.99,15.84,102453500
Southwest Airlines Co.,8/1/2006,17.98,18.09,16.09,17.32,15.25,93882800
Southwest Airlines Co.,9/1/2006,17.43,17.51,16.23,16.66,14.67,112625600
Southwest Airlines Co.,10/1/2006,16.77,17.03,14.94,15.03,13.24,136953200
Southwest Airlines Co.,11/1/2006,15.02,16.33,14.61,15.71,13.84,186382400
Southwest Airlines Co.,12/1/2006,15.60,16.03,15.18,15.32,13.49,120245100
Southwest Airlines Co.,1/1/2007,15.46,16.58,14.95,15.10,13.30,183489900
Southwest Airlines Co.,2/1/2007,15.12,16.14,15.00,15.12,13.32,144376700
Southwest Airlines Co.,3/1/2007,15.05,15.59,14.50,14.70,12.95,163133500
Southwest Airlines Co.,4/1/2007,14.75,15.90,14.21,14.35,12.65,208362600
Southwest Airlines Co.,5/1/2007,14.32,14.82,14.14,14.31,12.61,169527500
Southwest Airlines Co.,6/1/2007,14.38,15.15,14.03,14.91,13.14,185404700
Southwest Airlines Co.,7/1/2007,14.84,16.57,14.84,15.66,13.81,200696500
Southwest Airlines Co.,8/1/2007,15.58,16.96,14.66,15.11,13.32,171291700
Southwest Airlines Co.,9/1/2007,15.11,15.41,14.21,14.80,13.05,112361700
Southwest Airlines Co.,10/1/2007,14.65,15.06,13.70,14.21,12.53,106173100
Southwest Airlines Co.,11/1/2007,14.02,14.80,12.89,14.15,12.48,134056400
Southwest Airlines Co.,12/1/2007,14.04,14.44,12.12,12.20,10.76,100235300
Southwest Airlines Co.,1/1/2008,12.18,12.77,11.02,11.72,10.34,219432800
Southwest Airlines Co.,2/1/2008,11.75,13.10,11.62,12.26,10.82,153707400
Southwest Airlines Co.,3/1/2008,12.22,13.01,11.12,12.40,10.94,166439700
Southwest Airlines Co.,4/1/2008,12.52,13.50,11.75,13.24,11.68,175337000
Southwest Airlines Co.,5/1/2008,13.19,13.66,12.21,13.06,11.53,141851300
Southwest Airlines Co.,6/1/2008,13.08,14.89,12.82,13.04,11.51,233428800
Southwest Airlines Co.,7/1/2008,12.91,16.09,12.68,15.59,13.76,242358200
Southwest Airlines Co.,8/1/2008,15.64,16.49,14.50,15.23,13.45,235388100
Southwest Airlines Co.,9/1/2008,15.83,16.77,13.82,14.51,12.81,261011800
Southwest Airlines Co.,10/1/2008,14.39,14.97,10.26,11.78,10.40,303628700
Southwest Airlines Co.,11/1/2008,11.99,12.19,7.68,8.65,7.64,222239000
Southwest Airlines Co.,12/1/2008,8.50,9.10,7.05,8.62,7.61,223387600
Southwest Airlines Co.,1/1/2009,8.61,9.95,6.97,7.03,6.21,266674500
Southwest Airlines Co.,2/1/2009,7.08,7.48,5.73,5.89,5.20,248761600
Southwest Airlines Co.,3/1/2009,5.75,6.58,4.95,6.33,5.60,248306900
Southwest Airlines Co.,4/1/2009,6.27,7.75,6.02,6.98,6.17,237373300
Southwest Airlines Co.,5/1/2009,7.08,7.70,6.58,6.74,5.96,154019400
Southwest Airlines Co.,6/1/2009,6.83,7.22,6.14,6.73,5.95,184955700
Southwest Airlines Co.,7/1/2009,6.75,7.89,6.40,7.85,6.95,195796100
Southwest Airlines Co.,8/1/2009,7.98,9.34,7.85,8.18,7.24,212469300
Southwest Airlines Co.,9/1/2009,8.18,10.20,7.86,9.60,8.50,177766300
Southwest Airlines Co.,10/1/2009,9.55,10.10,8.29,8.40,7.44,214901300
Southwest Airlines Co.,11/1/2009,8.44,9.55,8.10,9.20,8.15,166984600
Southwest Airlines Co.,12/1/2009,9.26,11.78,9.10,11.43,10.12,218578300
Southwest Airlines Co.,1/1/2010,11.40,11.97,10.91,11.33,10.04,203240500
Southwest Airlines Co.,2/1/2010,11.37,12.73,11.02,12.58,11.14,201793800
Southwest Airlines Co.,3/1/2010,12.59,13.42,12.50,13.22,11.71,200286300
Southwest Airlines Co.,4/1/2010,13.37,13.97,13.08,13.18,11.68,221563100
Southwest Airlines Co.,5/1/2010,13.32,13.45,11.36,12.44,11.03,215020300
Southwest Airlines Co.,6/1/2010,12.30,12.77,11.06,11.11,9.85,169689500
Southwest Airlines Co.,7/1/2010,11.05,12.39,10.42,12.05,10.68,160332400
Southwest Airlines Co.,8/1/2010,12.14,12.32,10.76,11.05,9.80,108980500
Southwest Airlines Co.,9/1/2010,11.20,14.16,11.17,13.07,11.59,147323900
Southwest Airlines Co.,10/1/2010,13.23,13.95,12.59,13.76,12.21,124008800
Southwest Airlines Co.,11/1/2010,13.86,14.32,13.19,13.32,11.82,95589500
Southwest Airlines Co.,12/1/2010,13.48,13.61,12.31,12.98,11.51,120889800
Southwest Airlines Co.,1/1/2011,13.03,13.59,11.81,11.85,10.52,129882100
Southwest Airlines Co.,2/1/2011,11.94,12.58,11.41,11.83,10.50,170537800
Southwest Airlines Co.,3/1/2011,11.89,12.88,11.54,12.63,11.21,194332900
Southwest Airlines Co.,4/1/2011,12.74,12.87,11.30,11.75,10.43,189422000
Southwest Airlines Co.,5/1/2011,11.89,12.44,11.37,11.83,10.50,221902500
Southwest Airlines Co.,6/1/2011,11.81,11.92,10.68,11.42,10.14,190605100
Southwest Airlines Co.,7/1/2011,11.44,11.65,9.61,9.96,8.85,141411400
Southwest Airlines Co.,8/1/2011,10.06,10.17,7.81,8.62,7.66,329056100
Southwest Airlines Co.,9/1/2011,8.60,8.98,7.79,8.04,7.15,235222800
Southwest Airlines Co.,10/1/2011,8.02,9.28,7.15,8.55,7.60,211820400
Southwest Airlines Co.,11/1/2011,8.32,8.63,7.37,8.38,7.45,182291100
Southwest Airlines Co.,12/1/2011,8.30,8.71,8.12,8.56,7.61,140578300
Southwest Airlines Co.,1/1/2012,8.72,9.78,8.22,9.58,8.52,122195700
Southwest Airlines Co.,2/1/2012,9.70,10.05,8.67,8.98,7.99,101917800
Southwest Airlines Co.,3/1/2012,9.02,9.11,8.03,8.24,7.33,178081900
Southwest Airlines Co.,4/1/2012,8.22,8.50,7.76,8.28,7.37,182216400
Southwest Airlines Co.,5/1/2012,8.25,9.14,8.00,9.03,8.03,211008800
Southwest Airlines Co.,6/1/2012,8.90,9.42,8.58,9.22,8.20,225293800
Southwest Airlines Co.,7/1/2012,9.30,9.82,8.45,9.19,8.19,202143000
Southwest Airlines Co.,8/1/2012,9.19,9.53,8.81,8.94,7.96,175484900
Southwest Airlines Co.,9/1/2012,8.93,9.32,8.75,8.77,7.82,120278700
Southwest Airlines Co.,10/1/2012,8.78,9.17,8.68,8.82,7.86,137233000
Southwest Airlines Co.,11/1/2012,8.82,9.58,8.70,9.53,8.50,133572500
Southwest Airlines Co.,12/1/2012,9.58,10.61,9.42,10.24,9.13,134684300
Southwest Airlines Co.,1/1/2013,10.45,11.62,10.36,11.21,10.01,187986900
Southwest Airlines Co.,2/1/2013,11.29,11.90,11.15,11.70,10.44,127153100
Southwest Airlines Co.,3/1/2013,11.66,13.58,11.66,13.48,12.03,140992100
Southwest Airlines Co.,4/1/2013,13.47,13.77,12.45,13.70,12.24,158625600
Southwest Airlines Co.,5/1/2013,13.71,14.56,13.40,14.17,12.66,174503900
Southwest Airlines Co.,6/1/2013,14.18,14.28,12.79,12.89,11.52,150874500
Southwest Airlines Co.,7/1/2013,12.96,14.02,12.58,13.83,12.39,119536000
Southwest Airlines Co.,8/1/2013,13.91,14.24,12.64,12.81,11.48,119007600
Southwest Airlines Co.,9/1/2013,12.97,14.82,12.73,14.56,13.08,124606400
Southwest Airlines Co.,10/1/2013,14.58,17.34,14.48,17.22,15.47,151855900
Southwest Airlines Co.,11/1/2013,17.26,18.98,17.20,18.59,16.70,150545200
Southwest Airlines Co.,12/1/2013,18.62,19.00,17.73,18.84,16.93,122877900
Southwest Airlines Co.,1/1/2014,18.85,22.10,18.78,20.95,18.86,195636400
Southwest Airlines Co.,2/1/2014,20.98,22.63,20.23,22.44,20.21,154461900
Southwest Airlines Co.,3/1/2014,22.15,24.17,21.82,23.61,21.26,148114800
Southwest Airlines Co.,4/1/2014,23.73,24.45,22.35,24.17,21.80,141600700
Southwest Airlines Co.,5/1/2014,24.17,26.64,23.85,26.45,23.86,105610500
Southwest Airlines Co.,6/1/2014,26.48,27.70,25.47,26.86,24.23,140138400
Southwest Airlines Co.,7/1/2014,27.18,29.70,25.86,28.28,25.57,141101900
Southwest Airlines Co.,8/1/2014,28.21,32.43,27.42,32.01,28.94,102522300
Southwest Airlines Co.,9/1/2014,32.08,35.49,32.03,33.77,30.59,150320300
Southwest Airlines Co.,10/1/2014,32.97,35.35,28.40,34.48,31.23,278877600
Southwest Airlines Co.,11/1/2014,34.55,42.42,34.47,41.82,37.88,150416400
Southwest Airlines Co.,12/1/2014,42.24,43.19,38.73,42.32,38.34,194291500
Southwest Airlines Co.,1/1/2015,42.69,47.17,38.26,45.18,40.98,187090400
Southwest Airlines Co.,2/1/2015,44.94,45.49,42.19,43.24,39.23,150687600
Southwest Airlines Co.,3/1/2015,43.24,46.50,42.21,44.30,40.19,133228800
Southwest Airlines Co.,4/1/2015,44.07,44.19,40.10,40.56,36.84,140859800
Southwest Airlines Co.,5/1/2015,40.83,43.45,35.54,37.05,33.66,185917900
Southwest Airlines Co.,6/1/2015,37.11,38.30,33.02,33.09,30.06,238159900
Southwest Airlines Co.,7/1/2015,33.86,38.70,31.36,36.20,32.95,195239800
Southwest Airlines Co.,8/1/2015,36.66,40.87,32.94,36.70,33.41,187803300
Southwest Airlines Co.,9/1/2015,36.17,40.00,36.00,38.04,34.69,140448300
Southwest Airlines Co.,10/1/2015,37.82,46.95,37.00,46.29,42.21,163756800
Southwest Airlines Co.,11/1/2015,46.47,47.76,44.68,45.88,41.84,99988200
Southwest Airlines Co.,12/1/2015,46.00,51.34,42.66,43.06,39.27,138908000
Southwest Airlines Co.,1/1/2016,41.70,43.50,35.51,37.62,34.36,154041900
Southwest Airlines Co.,2/1/2016,37.62,42.86,33.96,41.95,38.31,146456300
Southwest Airlines Co.,3/1/2016,42.22,45.39,39.99,44.80,40.92,135668400
Southwest Airlines Co.,4/1/2016,44.40,48.00,43.09,44.61,40.82,136926500
Southwest Airlines Co.,5/1/2016,44.63,45.00,40.74,42.48,38.87,113038600
Southwest Airlines Co.,6/1/2016,42.48,44.33,36.48,39.21,35.87,168318000
Southwest Airlines Co.,7/1/2016,39.26,45.00,37.01,37.01,33.94,172794700
Southwest Airlines Co.,8/1/2016,37.16,38.03,35.42,36.88,33.82,140716000
Southwest Airlines Co.,9/1/2016,36.88,39.18,36.31,38.89,35.76,133946000
Southwest Airlines Co.,10/1/2016,38.85,42.93,36.91,40.05,36.83,211849800
Southwest Airlines Co.,11/1/2016,39.98,47.99,39.33,46.61,42.86,147977100
Southwest Airlines Co.,12/1/2016,46.36,51.31,46.19,49.84,45.83,104655000
Southwest Airlines Co.,1/1/2017,50.40,54.18,48.71,52.31,48.21,123704400
Southwest Airlines Co.,2/1/2017,52.55,58.57,52.18,57.80,53.27,99933300
Southwest Airlines Co.,3/1/2017,58.47,59.68,51.11,53.76,49.54,137616000
Southwest Airlines Co.,4/1/2017,53.72,57.84,52.88,56.22,51.90,91115000
Southwest Airlines Co.,5/1/2017,56.52,61.19,56.17,60.09,55.47,89185500
Southwest Airlines Co.,6/1/2017,60.18,62.75,57.63,62.14,57.37,105488700
Southwest Airlines Co.,7/1/2017,62.52,64.39,53.77,55.51,51.35,105937200
Southwest Airlines Co.,8/1/2017,55.88,56.87,50.49,52.14,48.23,128363700
Southwest Airlines Co.,9/1/2017,52.35,56.65,49.76,55.98,51.91,116273300
Southwest Airlines Co.,10/1/2017,56.02,59.89,53.54,53.86,49.94,119151500
Southwest Airlines Co.,11/1/2017,54.03,61.51,52.78,60.67,56.26,91032900
Southwest Airlines Co.,12/1/2017,60.51,66.99,59.51,65.45,60.69,85218100
Southwest Airlines Co.,1/1/2018,65.91,66.52,59.25,60.80,56.49,116206700
Southwest Airlines Co.,2/1/2018,60.51,61.12,54.01,57.84,53.74,91537100
Southwest Airlines Co.,3/1/2018,57.78,61.38,55.87,57.28,53.22,108342800
Southwest Airlines Co.,4/1/2018,57.19,57.19,51.00,52.83,49.19,113398500
Southwest Airlines Co.,5/1/2018,52.80,53.61,50.20,51.08,47.56,139139900
Southwest Airlines Co.,6/1/2018,51.20,53.54,49.93,50.88,47.38,134202100
Southwest Airlines Co.,7/1/2018,50.63,59.33,50.50,58.16,54.32,109641900
Southwest Airlines Co.,8/1/2018,58.12,62.20,55.61,61.30,57.26,83209400
Southwest Airlines Co.,9/1/2018,61.43,64.02,60.66,62.45,58.48,74908300
Southwest Airlines Co.,10/1/2018,62.61,63.20,47.10,49.10,45.98,143452500
Southwest Airlines Co.,11/1/2018,49.30,54.66,49.30,54.61,51.14,101260600
Southwest Airlines Co.,12/1/2018,54.90,55.68,44.28,46.48,43.53,91516600
Southwest Airlines Co.,1/1/2019,46.05,57.82,44.61,56.76,53.31,104026300
Southwest Airlines Co.,2/1/2019,56.99,58.77,53.31,56.04,52.63,105775000
Southwest Airlines Co.,3/1/2019,56.28,56.58,48.50,51.91,48.76,131602400
Southwest Airlines Co.,4/1/2019,52.27,54.86,51.38,54.23,51.09,80443900
Southwest Airlines Co.,5/1/2019,54.60,54.61,47.44,47.60,44.84,70445600
Southwest Airlines Co.,6/1/2019,47.60,52.75,47.40,50.78,47.84,73042500
Southwest Airlines Co.,7/1/2019,51.20,55.94,51.03,51.53,48.73,80907400
Southwest Airlines Co.,8/1/2019,51.53,53.19,48.09,52.32,49.47,72886000
Southwest Airlines Co.,9/1/2019,51.89,56.49,50.91,54.01,51.25,75093800
Southwest Airlines Co.,10/1/2019,54.29,57.90,51.19,56.13,53.27,98944500
Southwest Airlines Co.,11/1/2019,56.34,58.50,55.85,57.64,54.70,44694500
Southwest Airlines Co.,12/1/2019,57.60,57.80,53.43,53.98,51.23,74927100
Southwest Airlines Co.,1/1/2020,54.38,58.19,51.85,54.98,52.34,105167500
Southwest Airlines Co.,2/1/2020,55.41,58.83,44.98,46.19,43.98,89591700
Southwest Airlines Co.,3/1/2020,46.54,48.39,29.15,35.61,33.90,247156000
Southwest Airlines Co.,4/1/2020,34.05,37.31,28.25,31.25,29.87,450738100
Southwest Airlines Co.,5/1/2020,30.50,35.16,22.47,32.10,30.68,560121600
Southwest Airlines Co.,6/1/2020,32.30,42.35,30.94,34.18,32.67,572792700
Southwest Airlines Co.,7/1/2020,35.29,36.10,30.24,30.89,29.52,298878700
Southwest Airlines Co.,8/1/2020,30.75,39.06,30.30,37.58,35.92,255736400
Southwest Airlines Co.,9/1/2020,36.84,42.88,35.82,37.50,35.84,251989000
Southwest Airlines Co.,10/1/2020,37.96,43.39,36.05,39.53,37.78,199321500
Southwest Airlines Co.,11/1/2020,39.93,49.47,37.95,46.34,44.29,207593600
Southwest Airlines Co.,12/1/2020,46.55,49.53,44.45,46.61,44.55,161173000
Southwest Airlines Co.,1/1/2021,46.48,49.47,43.72,43.94,41.99,142916000
Southwest Airlines Co.,2/1/2021,44.34,59.64,44.09,58.13,55.56,165086900
Southwest Airlines Co.,3/1/2021,59.55,62.76,52.29,61.06,58.36,194852300
Southwest Airlines Co.,4/1/2021,61.27,64.75,58.91,62.78,60.00,116894100
Southwest Airlines Co.,5/1/2021,63.01,63.68,58.08,61.46,58.74,113981200
Southwest Airlines Co.,6/1/2021,61.94,62.26,52.55,53.09,50.74,138252500
Southwest Airlines Co.,7/1/2021,53.60,54.39,47.37,50.52,48.28,178675500
Southwest Airlines Co.,8/1/2021,50.60,52.02,46.95,49.78,47.58,150604800
Southwest Airlines Co.,9/1/2021,50.00,54.40,47.34,51.43,49.15,136907800
Southwest Airlines Co.,10/1/2021,53.77,56.33,46.44,47.28,45.19,160313600
Southwest Airlines Co.,11/1/2021,47.34,52.79,43.16,44.40,42.43,164412500
Southwest Airlines Co.,12/1/2021,44.99,46.96,38.66,42.84,40.94,243956800
Southwest Airlines Co.,1/1/2022,43.17,46.49,40.63,44.76,42.78,166796600
Southwest Airlines Co.,2/1/2022,45.00,47.74,41.20,43.80,41.86,138299900
Southwest Airlines Co.,3/1/2022,43.40,46.39,36.75,45.80,43.77,195541300
Southwest Airlines Co.,4/1/2022,45.92,50.10,41.04,46.72,44.65,140388800
Southwest Airlines Co.,5/1/2022,46.40,48.18,41.37,45.86,43.83,102711200
Southwest Airlines Co.,6/1/2022,46.40,46.46,34.36,36.12,34.52,125918400
Southwest Airlines Co.,7/1/2022,36.09,41.76,35.06,38.12,36.43,127426100
Southwest Airlines Co.,8/1/2022,38.00,40.39,36.68,36.70,35.07,105387800
Southwest Airlines Co.,9/1/2022,36.32,39.14,30.79,30.84,29.47,131065700
Southwest Airlines Co.,10/1/2022,30.84,36.56,30.20,36.35,34.74,130478400
Southwest Airlines Co.,11/1/2022,36.84,39.94,35.48,39.91,38.14,102647500
Southwest Airlines Co.,12/1/2022,40.00,40.38,32.19,33.67,32.18,146469600
Southwest Airlines Co.,1/1/2023,33.82,37.71,32.10,35.77,34.19,152885300
Southwest Airlines Co.,2/1/2023,35.50,37.31,33.03,33.58,32.26,107594300
Southwest Airlines Co.,3/1/2023,33.55,34.48,28.95,32.54,31.26,163499600
Southwest Airlines Co.,4/1/2023,32.07,32.94,28.81,30.29,29.25,148241500
Southwest Airlines Co.,5/1/2023,30.29,31.16,28.40,29.87,28.85,136859900
Southwest Airlines Co.,6/1/2023,30.09,36.24,29.08,36.21,34.97,158105700
Southwest Airlines Co.,7/1/2023,36.03,39.53,32.66,34.16,33.17,188316300
Southwest Airlines Co.,8/1/2023,33.86,34.13,30.87,31.60,30.68,143760900
Southwest Airlines Co.,9/1/2023,31.77,31.85,26.46,27.07,26.28,136454700
Southwest Airlines Co.,10/1/2023,27.11,27.66,21.92,22.23,21.71,183544700
Southwest Airlines Co.,11/1/2023,22.08,25.67,21.91,25.57,24.97,144515900
Southwest Airlines Co.,12/1/2023,25.61,30.49,25.54,28.88,28.20,190690000
Southwest Airlines Co.,1/1/2024,28.60,32.80,27.25,29.89,29.37,189148000
Southwest Airlines Co.,2/1/2024,30.09,35.18,29.41,34.27,33.67,138296000
Southwest Airlines Co.,3/1/2024,34.24,35.05,27.76,29.19,28.68,185740000
Southwest Airlines Co.,4/1/2024,29.31,29.97,25.93,25.94,25.62,227766100
Southwest Airlines Co.,5/1/2024,25.99,28.37,24.60,26.84,26.51,196959200
Southwest Airlines Co.,6/1/2024,27.26,30.35,27.00,28.61,28.26,196660900
Southwest Airlines Co.,7/1/2024,28.64,28.83,25.77,26.94,26.78,245246300
Southwest Airlines Co.,8/1/2024,27.00,29.45,23.58,28.92,28.74,243943600
Southwest Airlines Co.,9/1/2024,29.51,31.64,28.18,29.63,29.45,179114900
Southwest Airlines Co.,10/1/2024,29.55,32.20,29.05,30.49,30.49,76328600
Southwest Airlines Co.,10/15/2024,31.00,31.15,30.43,30.49,30.49,5339075
Spirit Air Lines,6/1/2011,11.68,12.33,11.48,11.99,10.85,10729100
Spirit Air Lines,7/1/2011,12.08,14.43,12.01,13.10,11.85,6192000
Spirit Air Lines,8/1/2011,13.34,13.65,10.18,12.08,10.93,4440600
Spirit Air Lines,9/1/2011,12.12,12.86,10.73,12.50,11.31,2379700
Spirit Air Lines,10/1/2011,12.34,17.21,11.42,16.46,14.90,3006500
Spirit Air Lines,11/1/2011,16.03,17.48,14.31,16.13,14.60,5247400
Spirit Air Lines,12/1/2011,15.79,16.99,14.67,15.60,14.12,4061400
Spirit Air Lines,1/1/2012,15.70,17.19,13.90,16.79,15.19,14979700
Spirit Air Lines,2/1/2012,16.81,19.96,16.33,19.53,17.67,16979200
Spirit Air Lines,3/1/2012,19.57,20.70,18.45,20.07,18.16,10905500
Spirit Air Lines,4/1/2012,19.92,24.23,19.22,24.02,21.74,14523600
Spirit Air Lines,5/1/2012,24.05,24.75,19.77,20.61,18.65,14253400
Spirit Air Lines,6/1/2012,19.75,21.00,17.41,19.46,17.61,21104400
Spirit Air Lines,7/1/2012,19.04,23.13,18.60,21.51,19.46,15428400
Spirit Air Lines,8/1/2012,20.13,20.95,19.01,19.55,17.69,15050400
Spirit Air Lines,9/1/2012,19.41,19.93,15.85,17.08,15.46,18464200
Spirit Air Lines,10/1/2012,17.05,17.99,16.68,17.68,16.00,9068000
Spirit Air Lines,11/1/2012,17.62,18.00,15.64,16.78,15.18,8076800
Spirit Air Lines,12/1/2012,16.81,18.00,16.47,17.73,16.04,10706100
Spirit Air Lines,1/1/2013,18.00,19.96,17.40,19.39,17.55,9041500
Spirit Air Lines,2/1/2013,19.50,21.33,18.51,20.25,18.32,7780600
Spirit Air Lines,3/1/2013,20.20,26.87,20.20,25.36,22.95,15752400
Spirit Air Lines,4/1/2013,25.13,27.08,24.30,26.70,24.16,13765900
Spirit Air Lines,5/1/2013,26.64,31.66,26.64,30.43,27.54,13777900
Spirit Air Lines,6/1/2013,30.01,33.75,29.20,31.72,28.70,16648400
Spirit Air Lines,7/1/2013,31.80,36.83,31.42,33.05,29.91,15648300
Spirit Air Lines,8/1/2013,33.39,35.22,29.65,31.17,28.21,16758700
Spirit Air Lines,9/1/2013,31.57,35.16,30.92,34.27,31.01,15223900
Spirit Air Lines,10/1/2013,34.33,46.40,32.50,43.15,39.05,24000000
Spirit Air Lines,11/1/2013,43.16,46.92,41.41,45.87,41.51,15279000
Spirit Air Lines,12/1/2013,45.87,47.62,42.25,45.41,41.09,13320700
Spirit Air Lines,1/1/2014,45.36,51.95,44.56,46.90,42.44,16042100
Spirit Air Lines,2/1/2014,46.91,57.67,43.34,56.48,51.11,18717700
Spirit Air Lines,3/1/2014,55.20,63.89,55.10,59.40,53.75,22714300
Spirit Air Lines,4/1/2014,59.70,62.92,53.25,56.84,51.44,26371300
Spirit Air Lines,5/1/2014,56.90,59.89,53.27,59.08,53.46,14572000
Spirit Air Lines,6/1/2014,59.00,64.94,58.25,63.24,57.23,26687700
Spirit Air Lines,7/1/2014,63.39,70.00,60.88,65.42,59.20,17680500
Spirit Air Lines,8/1/2014,65.37,73.62,63.10,70.39,63.70,10708300
Spirit Air Lines,9/1/2014,70.50,74.00,66.80,69.14,62.57,14999200
Spirit Air Lines,10/1/2014,68.34,73.92,52.75,73.11,66.16,46493000
Spirit Air Lines,11/1/2014,73.48,83.94,73.26,82.69,74.83,17605000
Spirit Air Lines,12/1/2014,82.72,85.35,66.77,75.58,68.39,31132000
Spirit Air Lines,1/1/2015,76.56,80.87,68.51,74.14,67.09,22798800
Spirit Air Lines,2/1/2015,74.98,83.45,70.66,77.78,70.39,22111000
Spirit Air Lines,3/1/2015,75.42,80.84,71.28,77.36,70.01,19143800
Spirit Air Lines,4/1/2015,76.48,78.96,68.28,68.47,61.96,24415900
Spirit Air Lines,5/1/2015,68.93,71.23,59.70,63.57,57.53,26114300
Spirit Air Lines,6/1/2015,64.46,66.84,60.41,62.10,56.20,29336300
Spirit Air Lines,7/1/2015,63.74,64.81,57.26,59.82,54.13,32869900
Spirit Air Lines,8/1/2015,59.55,62.41,46.27,51.25,46.38,26260400
Spirit Air Lines,9/1/2015,50.54,52.76,46.46,47.30,42.80,21216600
Spirit Air Lines,10/1/2015,47.39,51.28,33.80,37.12,33.59,52320800
Spirit Air Lines,11/1/2015,36.82,37.67,32.73,36.77,33.27,36471700
Spirit Air Lines,12/1/2015,36.88,44.45,36.77,39.85,36.06,47628900
Spirit Air Lines,1/1/2016,38.92,45.62,35.17,41.80,37.83,45284600
Spirit Air Lines,2/1/2016,41.67,48.98,38.46,47.75,43.21,34656800
Spirit Air Lines,3/1/2016,47.85,51.63,45.76,47.98,43.42,22949200
Spirit Air Lines,4/1/2016,47.61,53.53,43.01,43.93,39.75,27203900
Spirit Air Lines,5/1/2016,45.48,45.68,38.85,43.47,39.34,20894600
Spirit Air Lines,6/1/2016,43.02,46.92,40.49,44.87,40.60,23600700
Spirit Air Lines,7/1/2016,44.87,50.09,41.21,42.75,38.69,27490300
Spirit Air Lines,8/1/2016,42.80,42.98,37.79,39.99,36.19,23627500
Spirit Air Lines,9/1/2016,40.06,42.86,37.17,42.53,38.49,30045000
Spirit Air Lines,10/1/2016,42.48,49.74,41.42,47.93,43.37,30753700
Spirit Air Lines,11/1/2016,47.90,55.93,46.80,55.60,50.31,23354800
Spirit Air Lines,12/1/2016,55.59,60.40,53.92,57.86,52.36,17020200
Spirit Air Lines,1/1/2017,57.15,58.99,52.50,54.04,48.90,21397900
Spirit Air Lines,2/1/2017,54.41,56.12,50.50,52.21,47.25,23500600
Spirit Air Lines,3/1/2017,52.75,54.35,48.29,53.07,48.02,20526000
Spirit Air Lines,4/1/2017,53.07,59.54,50.68,57.27,51.83,23692000
Spirit Air Lines,5/1/2017,57.80,60.28,51.89,53.10,48.05,24574700
Spirit Air Lines,6/1/2017,53.22,56.89,50.89,51.65,46.74,21765900
Spirit Air Lines,7/1/2017,51.98,53.84,38.62,38.85,35.16,38970800
Spirit Air Lines,8/1/2017,39.98,41.47,33.93,34.05,30.81,40911000
Spirit Air Lines,9/1/2017,34.23,35.47,30.32,33.41,30.23,37235800
Spirit Air Lines,10/1/2017,33.52,38.42,32.99,37.09,33.56,45803600
Spirit Air Lines,11/1/2017,36.74,42.88,34.08,42.63,38.58,31348000
Spirit Air Lines,12/1/2017,42.39,45.68,41.37,44.85,40.59,25849000
Spirit Air Lines,1/1/2018,44.70,48.81,39.53,42.12,38.12,34441200
Spirit Air Lines,2/1/2018,41.89,42.40,37.80,39.84,36.05,24203300
Spirit Air Lines,3/1/2018,39.85,45.82,36.77,37.78,34.19,28795200
Spirit Air Lines,4/1/2018,37.59,39.47,34.64,35.72,32.32,29919300
Spirit Air Lines,5/1/2018,35.69,38.52,34.70,36.69,33.20,22402500
Spirit Air Lines,6/1/2018,36.96,39.74,34.36,36.35,32.89,29220300
Spirit Air Lines,7/1/2018,36.10,44.40,35.66,43.44,39.31,37399600
Spirit Air Lines,8/1/2018,43.60,47.89,41.98,47.52,43.00,16827100
Spirit Air Lines,9/1/2018,47.72,49.63,45.58,46.97,42.50,17455500
Spirit Air Lines,10/1/2018,46.90,53.72,42.83,51.90,46.97,34123100
Spirit Air Lines,11/1/2018,52.28,64.23,49.07,64.12,58.02,30538000
Spirit Air Lines,12/1/2018,64.65,65.35,53.55,57.92,52.41,20277600
Spirit Air Lines,1/1/2019,57.17,61.97,52.52,58.82,53.23,23790400
Spirit Air Lines,2/1/2019,59.41,64.76,55.35,56.25,50.90,26735000
Spirit Air Lines,3/1/2019,56.68,57.70,51.05,52.86,47.83,26865500
Spirit Air Lines,4/1/2019,53.43,58.55,50.00,54.38,49.21,24233100
Spirit Air Lines,5/1/2019,54.34,54.55,45.95,46.08,41.70,16664800
Spirit Air Lines,6/1/2019,45.97,51.87,45.85,47.73,43.19,18667500
Spirit Air Lines,7/1/2019,48.23,55.21,41.58,42.43,38.40,34920500
Spirit Air Lines,8/1/2019,42.69,43.29,35.89,37.54,33.97,17417700
Spirit Air Lines,9/1/2019,36.90,39.58,34.53,36.30,32.85,20730500
Spirit Air Lines,10/1/2019,36.59,39.85,32.97,37.56,33.99,35420200
Spirit Air Lines,11/1/2019,37.91,40.17,37.05,39.07,35.36,15773500
Spirit Air Lines,12/1/2019,39.93,41.79,37.56,40.31,36.48,23005300
Spirit Air Lines,1/1/2020,40.70,43.65,38.33,41.07,37.17,26884800
Spirit Air Lines,2/1/2020,41.25,47.50,27.98,28.45,25.75,36098900
Spirit Air Lines,3/1/2020,28.36,28.68,7.01,12.89,11.66,139436300
Spirit Air Lines,4/1/2020,11.66,16.49,10.08,15.02,13.59,135482200
Spirit Air Lines,5/1/2020,14.08,14.56,7.25,12.95,11.72,471919600
Spirit Air Lines,6/1/2020,13.00,25.94,13.00,17.80,16.11,855504500
Spirit Air Lines,7/1/2020,18.23,19.50,15.42,15.81,14.31,316333500
Spirit Air Lines,8/1/2020,15.74,19.55,14.65,17.88,16.18,209834700
Spirit Air Lines,9/1/2020,17.60,18.94,15.06,16.10,14.57,181131300
Spirit Air Lines,10/1/2020,16.30,18.70,15.45,17.57,15.90,202211400
Spirit Air Lines,11/1/2020,17.52,23.54,16.80,22.63,20.48,185425400
Spirit Air Lines,12/1/2020,22.72,27.48,22.18,24.45,22.13,158654500
Spirit Air Lines,1/1/2021,24.75,27.96,22.87,25.94,23.47,91630900
Spirit Air Lines,2/1/2021,26.26,39.14,25.68,35.88,32.47,121829500
Spirit Air Lines,3/1/2021,37.25,40.77,31.35,36.90,33.39,102880200
Spirit Air Lines,4/1/2021,36.51,39.19,33.71,35.82,32.41,87471100
Spirit Air Lines,5/1/2021,36.15,36.78,32.03,35.71,32.31,58860800
Spirit Air Lines,6/1/2021,35.95,37.19,30.37,30.44,27.55,73433600
Spirit Air Lines,7/1/2021,30.78,31.47,24.62,26.98,24.41,82662800
Spirit Air Lines,8/1/2021,27.17,28.17,22.70,24.53,22.20,102099900
Spirit Air Lines,9/1/2021,24.72,27.82,23.79,25.94,23.47,77820300
Spirit Air Lines,10/1/2021,26.40,27.59,21.79,21.85,19.77,96639800
Spirit Air Lines,11/1/2021,21.89,25.38,19.52,20.91,18.92,100929500
Spirit Air Lines,12/1/2021,21.66,24.27,20.02,21.85,19.77,109867700
Spirit Air Lines,1/1/2022,22.00,24.12,19.40,21.47,19.43,114798600
Spirit Air Lines,2/1/2022,21.50,28.30,21.02,25.08,22.70,141558600
Spirit Air Lines,3/1/2022,24.72,25.13,18.26,21.87,19.79,109662200
Spirit Air Lines,4/1/2022,22.01,27.88,20.96,23.61,21.37,96203500
Spirit Air Lines,5/1/2022,21.93,22.79,15.92,20.95,18.96,112079100
Spirit Air Lines,6/1/2022,20.95,24.69,20.06,23.84,21.57,85943300
Spirit Air Lines,7/1/2022,23.74,25.68,23.35,24.77,22.42,50801200
Spirit Air Lines,8/1/2022,24.65,25.00,22.57,22.68,20.52,30450200
Spirit Air Lines,9/1/2022,22.50,23.46,18.60,18.82,17.03,37519400
Spirit Air Lines,10/1/2022,18.85,22.70,18.01,22.00,19.91,31101500
Spirit Air Lines,11/1/2022,22.26,22.58,20.86,21.71,19.65,13931800
Spirit Air Lines,12/1/2022,21.64,21.76,19.10,19.48,17.63,13740400
Spirit Air Lines,1/1/2023,19.63,20.99,19.16,19.84,17.95,18599900
Spirit Air Lines,2/1/2023,19.85,20.24,18.27,18.32,16.66,26451600
Spirit Air Lines,3/1/2023,18.30,18.45,16.17,17.17,15.70,62045800
Spirit Air Lines,4/1/2023,17.00,17.75,16.75,17.10,15.73,17796000
Spirit Air Lines,5/1/2023,17.05,17.07,14.41,15.21,14.07,43335100
Spirit Air Lines,6/1/2023,15.25,17.28,15.11,17.16,15.98,26589200
Spirit Air Lines,7/1/2023,17.10,19.69,17.05,18.30,17.14,32123500
Spirit Air Lines,8/1/2023,18.22,18.26,15.22,16.50,15.54,33034000
Spirit Air Lines,9/1/2023,16.61,17.94,14.95,16.50,15.63,37772100
Spirit Air Lines,10/1/2023,16.42,17.49,10.73,11.48,10.94,64202900
Spirit Air Lines,11/1/2023,11.44,15.38,8.68,14.82,14.21,135039600
Spirit Air Lines,12/1/2023,14.82,17.02,12.80,16.39,15.84,97854200
Spirit Air Lines,1/1/2024,16.36,16.85,4.04,6.29,6.12,734271500
Spirit Air Lines,2/1/2024,6.35,7.61,6.06,6.45,6.35,149750800
Spirit Air Lines,3/1/2024,6.48,6.59,3.96,4.84,4.84,164166500
Spirit Air Lines,4/1/2024,5.00,5.18,3.47,3.53,3.53,118796200
Spirit Air Lines,5/1/2024,3.51,5.04,3.18,3.65,3.65,158760200
Spirit Air Lines,6/1/2024,3.72,4.05,3.37,3.66,3.66,106334800
Spirit Air Lines,7/1/2024,3.66,3.74,2.70,3.01,3.01,124704400
Spirit Air Lines,8/1/2024,2.90,3.04,2.49,2.58,2.58,82735200
Spirit Air Lines,9/1/2024,2.57,2.68,2.28,2.40,2.40,84423300
Spirit Air Lines,10/1/2024,2.40,2.43,1.40,1.63,1.63,102564600
Spirit Air Lines,10/15/2024,1.63,1.72,1.62,1.63,1.63,4768053
United Air Lines Inc.,3/1/2006,35.26,43.00,35.06,39.93,37.34,32340400
United Air Lines Inc.,4/1/2006,39.50,40.05,33.61,36.01,33.67,29720600
United Air Lines Inc.,5/1/2006,35.86,39.70,28.31,29.43,27.52,35663500
United Air Lines Inc.,6/1/2006,29.35,33.05,26.02,31.02,29.01,37719700
United Air Lines Inc.,7/1/2006,30.80,32.17,25.80,26.14,24.44,45773200
United Air Lines Inc.,8/1/2006,25.61,25.80,21.90,25.00,23.38,48357400
United Air Lines Inc.,9/1/2006,25.07,29.44,24.45,26.57,24.85,48653500
United Air Lines Inc.,10/1/2006,26.97,37.75,26.77,35.94,33.61,72363400
United Air Lines Inc.,11/1/2006,35.86,44.50,34.18,40.58,37.95,76013700
United Air Lines Inc.,12/1/2006,40.85,46.54,39.95,44.00,41.15,47069000
United Air Lines Inc.,1/1/2007,44.80,51.57,40.90,43.20,40.40,88433000
United Air Lines Inc.,2/1/2007,43.00,46.50,38.34,39.99,37.40,52346600
United Air Lines Inc.,3/1/2007,39.44,41.56,36.64,38.17,35.69,63885200
United Air Lines Inc.,4/1/2007,38.30,44.32,33.20,33.40,31.23,74622800
United Air Lines Inc.,5/1/2007,32.90,40.53,31.62,39.26,36.71,74316800
United Air Lines Inc.,6/1/2007,39.54,40.85,33.89,40.59,37.96,72461500
United Air Lines Inc.,7/1/2007,40.51,50.00,40.33,44.14,41.28,90713000
United Air Lines Inc.,8/1/2007,44.00,47.85,35.90,47.47,44.39,76537100
United Air Lines Inc.,9/1/2007,47.90,48.57,42.40,46.53,43.51,40013800
United Air Lines Inc.,10/1/2007,46.53,51.60,45.51,47.90,44.79,51287000
United Air Lines Inc.,11/1/2007,47.23,49.48,35.87,40.94,38.28,81384900
United Air Lines Inc.,12/1/2007,40.27,42.83,33.48,35.66,33.35,55400400
United Air Lines Inc.,1/1/2008,35.25,38.05,23.53,37.95,35.49,117671500
United Air Lines Inc.,2/1/2008,38.13,41.47,30.14,30.30,30.30,60382500
United Air Lines Inc.,3/1/2008,30.13,30.58,19.71,21.53,21.53,91679400
United Air Lines Inc.,4/1/2008,22.10,24.87,12.78,14.90,14.90,150299100
United Air Lines Inc.,5/1/2008,15.00,16.46,7.36,8.54,8.54,130255200
United Air Lines Inc.,6/1/2008,8.49,10.43,5.22,5.22,5.22,237036000
United Air Lines Inc.,7/1/2008,5.01,10.20,2.80,8.31,8.31,381869200
United Air Lines Inc.,8/1/2008,8.89,15.84,7.68,11.11,11.11,645178500
United Air Lines Inc.,9/1/2008,13.42,14.29,3.00,8.79,8.79,386738500
United Air Lines Inc.,10/1/2008,8.84,16.20,4.55,14.56,14.56,382852700
United Air Lines Inc.,11/1/2008,15.45,16.73,7.00,11.25,11.25,188416800
United Air Lines Inc.,12/1/2008,10.77,12.37,8.42,11.02,11.02,148422900
United Air Lines Inc.,1/1/2009,11.08,12.88,9.11,9.44,9.44,172156200
United Air Lines Inc.,2/1/2009,9.46,9.52,4.56,4.91,4.91,138761000
United Air Lines Inc.,3/1/2009,4.71,6.49,3.45,4.48,4.48,176197100
United Air Lines Inc.,4/1/2009,4.45,6.90,4.32,4.92,4.92,189961900
United Air Lines Inc.,5/1/2009,5.00,6.49,4.35,4.65,4.65,143639000
United Air Lines Inc.,6/1/2009,4.77,5.31,3.08,3.19,3.19,210929400
United Air Lines Inc.,7/1/2009,3.19,4.25,3.07,4.12,4.12,153254500
United Air Lines Inc.,8/1/2009,4.20,6.84,4.05,6.23,6.23,211147400
United Air Lines Inc.,9/1/2009,6.20,9.77,5.43,9.22,9.22,231862300
United Air Lines Inc.,10/1/2009,8.39,8.49,6.23,6.51,6.51,394476600
United Air Lines Inc.,11/1/2009,6.56,7.82,6.26,7.76,7.76,146762500
United Air Lines Inc.,12/1/2009,7.90,13.33,7.84,12.91,12.91,308748400
United Air Lines Inc.,1/1/2010,12.99,14.15,12.13,12.23,12.23,231401600
United Air Lines Inc.,2/1/2010,12.35,17.28,12.14,17.15,17.15,205223500
United Air Lines Inc.,3/1/2010,17.25,20.59,17.23,19.55,19.55,202164200
United Air Lines Inc.,4/1/2010,19.53,23.83,18.50,21.60,21.60,253151400
United Air Lines Inc.,5/1/2010,22.30,22.55,16.39,20.01,20.01,212142800
United Air Lines Inc.,6/1/2010,19.74,24.59,19.34,20.56,20.56,178538800
United Air Lines Inc.,7/1/2010,20.65,25.00,18.42,23.74,23.74,135570000
United Air Lines Inc.,8/1/2010,24.10,24.44,19.09,21.20,21.20,107225800
United Air Lines Inc.,9/1/2010,21.50,23.95,20.48,23.66,23.66,117583500
United Air Lines Inc.,10/1/2010,25.00,29.75,23.76,29.04,29.04,136717500
United Air Lines Inc.,11/1/2010,28.91,29.59,26.66,27.68,27.68,85959000
United Air Lines Inc.,12/1/2010,28.13,28.59,23.10,23.82,23.82,110667800
United Air Lines Inc.,1/1/2011,24.13,27.47,23.63,25.40,25.40,125771000
United Air Lines Inc.,2/1/2011,25.46,27.72,21.65,24.04,24.04,157531200
United Air Lines Inc.,3/1/2011,23.84,25.66,21.95,22.99,22.99,167638300
United Air Lines Inc.,4/1/2011,23.34,23.43,19.32,22.82,22.82,173525700
United Air Lines Inc.,5/1/2011,23.59,26.84,23.17,24.15,24.15,148307100
United Air Lines Inc.,6/1/2011,24.19,25.60,21.69,22.63,22.63,151997000
United Air Lines Inc.,7/1/2011,22.80,23.28,16.45,18.12,18.12,145230200
United Air Lines Inc.,8/1/2011,18.53,19.25,15.92,18.59,18.59,186904000
United Air Lines Inc.,9/1/2011,18.50,21.89,17.28,19.38,19.38,135913000
United Air Lines Inc.,10/1/2011,19.16,21.44,16.83,19.32,19.32,114523300
United Air Lines Inc.,11/1/2011,18.86,19.28,15.51,17.97,17.97,120348100
United Air Lines Inc.,12/1/2011,18.05,21.45,17.90,18.87,18.87,132858600
United Air Lines Inc.,1/1/2012,19.23,23.48,17.25,23.10,23.10,144791900
United Air Lines Inc.,2/1/2012,23.15,25.84,19.96,20.65,20.65,124185100
United Air Lines Inc.,3/1/2012,20.62,22.54,19.13,21.50,21.50,159058900
United Air Lines Inc.,4/1/2012,21.51,23.77,20.55,21.92,21.92,110670800
United Air Lines Inc.,5/1/2012,21.96,25.50,20.84,25.17,25.17,112748400
United Air Lines Inc.,6/1/2012,25.15,25.22,21.85,24.33,24.33,114295400
United Air Lines Inc.,7/1/2012,24.43,24.95,18.58,18.89,18.89,104397300
United Air Lines Inc.,8/1/2012,18.76,19.99,17.45,18.45,18.45,120924900
United Air Lines Inc.,9/1/2012,18.40,20.85,17.98,19.50,19.50,78269200
United Air Lines Inc.,10/1/2012,19.48,21.74,18.85,19.21,19.21,83439200
United Air Lines Inc.,11/1/2012,19.17,21.65,19.12,20.22,20.22,72906400
United Air Lines Inc.,12/1/2012,20.13,24.23,19.54,23.38,23.38,78988300
United Air Lines Inc.,1/1/2013,23.83,26.37,23.62,24.15,24.15,110099600
United Air Lines Inc.,2/1/2013,24.27,27.22,23.89,26.71,26.71,86979100
United Air Lines Inc.,3/1/2013,26.58,32.95,26.58,32.01,32.01,97451200
United Air Lines Inc.,4/1/2013,31.27,32.69,27.90,32.30,32.30,111598900
United Air Lines Inc.,5/1/2013,32.36,35.27,31.58,32.46,32.46,76948000
United Air Lines Inc.,6/1/2013,32.61,33.59,29.00,31.29,31.29,74814200
United Air Lines Inc.,7/1/2013,31.30,36.74,30.05,34.85,34.85,77504200
United Air Lines Inc.,8/1/2013,35.06,35.94,27.32,28.46,28.46,125849700
United Air Lines Inc.,9/1/2013,29.48,34.45,28.39,30.71,30.71,97903600
United Air Lines Inc.,10/1/2013,30.83,34.34,29.11,33.95,33.95,109168000
United Air Lines Inc.,11/1/2013,33.95,40.19,33.61,39.25,39.25,122278800
United Air Lines Inc.,12/1/2013,39.31,39.62,36.39,37.83,37.83,81526200
United Air Lines Inc.,1/1/2014,37.70,49.20,37.50,45.84,45.84,160755000
United Air Lines Inc.,2/1/2014,45.91,48.45,42.96,44.96,44.96,92286600
United Air Lines Inc.,3/1/2014,44.26,49.18,42.85,44.63,44.63,85213500
United Air Lines Inc.,4/1/2014,45.97,48.20,38.06,40.87,40.87,136184500
United Air Lines Inc.,5/1/2014,40.77,45.42,38.93,44.37,44.37,93923900
United Air Lines Inc.,6/1/2014,44.49,48.13,40.74,41.07,41.07,147170800
United Air Lines Inc.,7/1/2014,41.74,49.28,36.65,46.39,46.39,174216800
United Air Lines Inc.,8/1/2014,46.50,49.52,41.93,47.61,47.61,98851800
United Air Lines Inc.,9/1/2014,48.00,52.45,45.72,46.79,46.79,104889600
United Air Lines Inc.,10/1/2014,45.62,53.65,39.46,52.81,52.81,207252400
United Air Lines Inc.,11/1/2014,52.95,61.93,52.81,61.23,61.23,98667600
United Air Lines Inc.,12/1/2014,61.00,67.77,57.89,66.89,66.89,127619600
United Air Lines Inc.,1/1/2015,67.74,74.52,62.37,69.37,69.37,124165300
United Air Lines Inc.,2/1/2015,69.08,72.23,63.76,65.18,65.18,109874100
United Air Lines Inc.,3/1/2015,65.18,70.31,63.09,67.25,67.25,108340800
United Air Lines Inc.,4/1/2015,65.06,65.85,57.95,59.74,59.74,129579600
United Air Lines Inc.,5/1/2015,60.34,63.90,51.68,54.59,54.59,126181700
United Air Lines Inc.,6/1/2015,54.76,56.89,49.85,53.01,53.01,123310200
United Air Lines Inc.,7/1/2015,54.05,60.00,50.10,56.39,56.39,131458100
United Air Lines Inc.,8/1/2015,56.86,60.12,49.20,56.97,56.97,115315200
United Air Lines Inc.,9/1/2015,56.01,62.21,52.11,53.05,53.05,207263100
United Air Lines Inc.,10/1/2015,52.95,61.87,49.76,60.31,60.31,155637000
United Air Lines Inc.,11/1/2015,60.61,61.75,55.58,55.73,55.73,83819300
United Air Lines Inc.,12/1/2015,55.68,61.49,55.33,57.30,57.30,93185800
United Air Lines Inc.,1/1/2016,55.79,56.34,42.17,48.28,48.28,152402000
United Air Lines Inc.,2/1/2016,47.71,57.80,44.00,57.26,57.26,120501700
United Air Lines Inc.,3/1/2016,57.63,61.41,55.29,59.86,59.86,103497600
United Air Lines Inc.,4/1/2016,57.43,58.90,45.58,45.81,45.81,128925700
United Air Lines Inc.,5/1/2016,46.61,47.54,43.33,45.09,45.09,115010100
United Air Lines Inc.,6/1/2016,45.09,46.91,37.41,41.04,41.04,143700200
United Air Lines Inc.,7/1/2016,41.02,49.87,37.64,46.89,46.89,105946400
United Air Lines Inc.,8/1/2016,46.77,51.53,44.15,50.41,50.41,93178900
United Air Lines Inc.,9/1/2016,50.54,54.53,49.28,52.47,52.47,103371300
United Air Lines Inc.,10/1/2016,52.24,56.81,51.34,56.23,56.23,114927800
United Air Lines Inc.,11/1/2016,56.25,70.18,55.53,68.95,68.95,104898900
United Air Lines Inc.,12/1/2016,68.67,76.80,68.00,72.88,72.88,63608500
United Air Lines Inc.,1/1/2017,74.02,76.75,69.34,70.47,70.47,73206900
United Air Lines Inc.,2/1/2017,70.95,76.46,70.55,74.09,74.09,57821300
United Air Lines Inc.,3/1/2017,74.64,76.65,64.16,70.64,70.64,110694200
United Air Lines Inc.,4/1/2017,70.69,72.10,67.55,70.21,70.21,97787300
United Air Lines Inc.,5/1/2017,70.56,81.96,70.24,79.67,79.67,72086900
United Air Lines Inc.,6/1/2017,79.99,83.04,74.97,75.25,75.25,74222600
United Air Lines Inc.,7/1/2017,75.85,81.39,66.45,67.68,67.68,98614800
United Air Lines Inc.,8/1/2017,68.15,69.31,61.31,61.96,61.96,84077700
United Air Lines Inc.,9/1/2017,62.54,63.08,57.34,60.88,60.88,109888100
United Air Lines Inc.,10/1/2017,60.90,69.62,58.04,58.48,58.48,153805700
United Air Lines Inc.,11/1/2017,58.20,63.84,56.51,63.32,63.32,79742800
United Air Lines Inc.,12/1/2017,63.20,67.99,61.78,67.40,67.40,76524000
United Air Lines Inc.,1/1/2018,67.90,79.00,65.44,67.82,67.82,135147300
United Air Lines Inc.,2/1/2018,67.22,69.48,60.44,67.79,67.79,75668300
United Air Lines Inc.,3/1/2018,67.78,73.41,65.67,69.47,69.47,75113700
United Air Lines Inc.,4/1/2018,69.12,72.60,64.80,67.54,67.54,94095300
United Air Lines Inc.,5/1/2018,67.59,72.74,65.57,69.59,69.59,62753900
United Air Lines Inc.,6/1/2018,70.00,75.53,67.93,69.73,69.73,60887100
United Air Lines Inc.,7/1/2018,69.40,82.04,67.94,80.40,80.40,93174400
United Air Lines Inc.,8/1/2018,80.77,87.67,78.70,87.42,87.42,53626800
United Air Lines Inc.,9/1/2018,87.84,91.39,86.26,89.06,89.06,55554500
United Air Lines Inc.,10/1/2018,89.29,89.61,78.87,85.51,85.51,98781900
United Air Lines Inc.,11/1/2018,85.62,96.80,85.62,96.70,96.70,69428900
United Air Lines Inc.,12/1/2018,97.67,97.85,79.05,83.73,83.73,76595900
United Air Lines Inc.,1/1/2019,81.69,88.15,77.39,87.27,87.27,93456100
United Air Lines Inc.,2/1/2019,87.21,90.93,86.66,87.81,87.81,48060300
United Air Lines Inc.,3/1/2019,88.46,88.62,77.02,79.78,79.78,70890400
United Air Lines Inc.,4/1/2019,80.21,90.16,79.56,88.86,88.86,61650400
United Air Lines Inc.,5/1/2019,89.06,89.71,77.40,77.65,77.65,50213100
United Air Lines Inc.,6/1/2019,77.38,89.41,77.35,87.55,87.55,43843200
United Air Lines Inc.,7/1/2019,88.84,96.03,87.77,91.91,91.91,62317400
United Air Lines Inc.,8/1/2019,92.03,93.04,80.78,84.31,84.31,53155300
United Air Lines Inc.,9/1/2019,83.64,91.84,82.25,88.41,88.41,47775300
United Air Lines Inc.,10/1/2019,89.15,92.80,80.87,90.84,90.84,61233900
United Air Lines Inc.,11/1/2019,91.65,95.16,90.77,92.80,92.80,35095100
United Air Lines Inc.,12/1/2019,93.00,93.62,86.08,88.09,88.09,42638400
United Air Lines Inc.,1/1/2020,89.57,90.57,74.44,74.80,74.80,98401800
United Air Lines Inc.,2/1/2020,75.49,82.72,60.83,61.59,61.59,99928300
United Air Lines Inc.,3/1/2020,61.13,63.53,17.80,31.55,31.55,472476700
United Air Lines Inc.,4/1/2020,29.51,34.04,21.56,29.58,29.58,847463100
United Air Lines Inc.,5/1/2020,28.10,32.75,18.18,28.04,28.04,1157715300
United Air Lines Inc.,6/1/2020,28.19,48.95,27.95,34.61,34.61,1791841200
United Air Lines Inc.,7/1/2020,36.92,38.37,29.23,31.38,31.38,1119286400
United Air Lines Inc.,8/1/2020,31.33,39.86,30.32,36.00,36.00,759561000
United Air Lines Inc.,9/1/2020,35.25,39.77,31.22,34.75,34.75,587342300
United Air Lines Inc.,10/1/2020,35.23,38.10,32.16,33.86,33.86,493070800
United Air Lines Inc.,11/1/2020,34.08,46.76,32.95,45.05,45.05,443920300
United Air Lines Inc.,12/1/2020,45.83,51.31,42.43,43.25,43.25,379409800
United Air Lines Inc.,1/1/2021,43.68,46.80,39.77,39.99,39.99,279459200
United Air Lines Inc.,2/1/2021,40.35,55.87,39.17,52.68,52.68,302408500
United Air Lines Inc.,3/1/2021,55.44,63.70,46.56,57.54,57.54,411079700
United Air Lines Inc.,4/1/2021,57.66,61.34,48.90,54.40,54.40,317117800
United Air Lines Inc.,5/1/2021,54.67,59.29,50.90,58.35,58.35,263618400
United Air Lines Inc.,6/1/2021,59.12,60.59,51.67,52.29,52.29,249227100
United Air Lines Inc.,7/1/2021,52.79,53.76,42.56,46.72,46.72,275847900
United Air Lines Inc.,8/1/2021,46.85,48.41,43.17,46.51,46.51,227251800
United Air Lines Inc.,9/1/2021,46.75,50.56,43.02,47.57,47.57,244890300
United Air Lines Inc.,10/1/2021,48.90,52.43,45.44,46.14,46.14,225349700
United Air Lines Inc.,11/1/2021,46.18,54.52,40.11,42.26,42.26,254050900
United Air Lines Inc.,12/1/2021,43.03,46.60,38.88,43.78,43.78,334699700
United Air Lines Inc.,1/1/2022,44.67,49.27,38.79,42.88,42.88,246471000
United Air Lines Inc.,2/1/2022,43.01,50.94,40.43,44.40,44.40,241578300
United Air Lines Inc.,3/1/2022,43.64,46.86,30.54,46.36,46.36,437220600
United Air Lines Inc.,4/1/2022,46.51,53.12,41.08,50.50,50.50,297380100
United Air Lines Inc.,5/1/2022,50.49,52.13,40.11,47.63,47.63,281904300
United Air Lines Inc.,6/1/2022,48.23,48.31,33.73,35.42,35.42,255335100
United Air Lines Inc.,7/1/2022,35.51,41.97,34.44,36.75,36.75,234965800
United Air Lines Inc.,8/1/2022,36.69,40.77,34.97,35.01,35.01,175294700
United Air Lines Inc.,9/1/2022,34.67,40.26,31.80,32.53,32.53,210616000
United Air Lines Inc.,10/1/2022,32.36,44.17,31.58,43.08,43.08,237759700
United Air Lines Inc.,11/1/2022,43.60,45.57,40.07,44.17,44.17,128367300
United Air Lines Inc.,12/1/2022,44.30,45.97,37.17,37.70,37.70,163050700
United Air Lines Inc.,1/1/2023,38.22,53.26,36.82,48.96,48.96,231182300
United Air Lines Inc.,2/1/2023,48.84,52.34,47.77,51.96,51.96,114140300
United Air Lines Inc.,3/1/2023,51.67,55.04,40.43,44.25,44.25,189274700
United Air Lines Inc.,4/1/2023,43.68,46.30,41.05,43.80,43.80,163026400
United Air Lines Inc.,5/1/2023,43.66,49.05,42.60,47.47,47.47,142672600
United Air Lines Inc.,6/1/2023,47.35,56.97,47.05,54.87,54.87,132666500
United Air Lines Inc.,7/1/2023,54.49,58.23,52.82,54.31,54.31,146263500
United Air Lines Inc.,8/1/2023,53.55,54.91,48.52,49.81,49.81,106148500
United Air Lines Inc.,9/1/2023,50.13,50.16,41.62,42.30,42.30,115917800
United Air Lines Inc.,10/1/2023,42.32,42.60,33.68,35.01,35.01,212553400
United Air Lines Inc.,11/1/2023,35.01,41.38,34.49,39.40,39.40,147566500
United Air Lines Inc.,12/1/2023,39.48,43.87,39.11,41.26,41.26,153674600
United Air Lines Inc.,1/1/2024,41.13,44.54,37.68,41.38,41.38,237159600
United Air Lines Inc.,2/1/2024,41.69,46.25,39.71,45.49,45.49,153894400
United Air Lines Inc.,3/1/2024,45.61,48.00,40.83,47.88,47.88,157695700
United Air Lines Inc.,4/1/2024,48.00,54.67,40.10,51.46,51.46,309020600
United Air Lines Inc.,5/1/2024,51.40,56.18,48.27,52.99,52.99,143684000
United Air Lines Inc.,6/1/2024,53.50,55.12,46.75,48.66,48.66,126162400
United Air Lines Inc.,7/1/2024,48.72,49.67,43.73,45.42,45.42,176897100
United Air Lines Inc.,8/1/2024,45.76,45.87,37.02,44.04,44.04,145381700
United Air Lines Inc.,9/1/2024,43.63,60.23,43.52,57.06,57.06,152129500
United Air Lines Inc.,10/1/2024,56.87,65.02,54.64,64.05,64.05,88370000
United Air Lines Inc.,10/15/2024,64.18,65.02,63.49,64.05,64.05,12107417
